Entity,Code,Year,Nuclear (TWh â€“ sub method)
Africa,,1965,0
Africa,,1966,0
Africa,,1967,0
Africa,,1968,0
Africa,,1969,0
Africa,,1970,0
Africa,,1971,0
Africa,,1972,0
Africa,,1973,0
Africa,,1974,0
Africa,,1975,0
Africa,,1976,0
Africa,,1977,0
Africa,,1978,0
Africa,,1979,0
Africa,,1980,0
Africa,,1981,0
Africa,,1982,0
Africa,,1983,0
Africa,,1984,10.903
Africa,,1985,14.764
Africa,,1986,24.453
Africa,,1987,17.131
Africa,,1988,29.147
Africa,,1989,30.831
Africa,,1990,23.469
Africa,,1991,25.4
Africa,,1992,25.8
Africa,,1993,20.153
Africa,,1994,26.936
Africa,,1995,31.392
Africa,,1996,32.708
Africa,,1997,35.131
Africa,,1998,37.781
Africa,,1999,35.658
Africa,,2000,36.139
Africa,,2001,29.582
Africa,,2002,32.879
Africa,,2003,34.499
Africa,,2004,36.18
Africa,,2005,30.376
Africa,,2006,26.799
Africa,,2007,30.061
Africa,,2008,34.327
Africa,,2009,33.596
Africa,,2010,35.27
Africa,,2011,33.435
Africa,,2012,33.401
Africa,,2013,36.115
Africa,,2014,35.105
Africa,,2015,30.957
Africa,,2016,40.019
Africa,,2017,39.391
Africa,,2018,27.564
Africa,,2019,35.197
Algeria,DZA,1965,0
Algeria,DZA,1966,0
Algeria,DZA,1967,0
Algeria,DZA,1968,0
Algeria,DZA,1969,0
Algeria,DZA,1970,0
Algeria,DZA,1971,0
Algeria,DZA,1972,0
Algeria,DZA,1973,0
Algeria,DZA,1974,0
Algeria,DZA,1975,0
Algeria,DZA,1976,0
Algeria,DZA,1977,0
Algeria,DZA,1978,0
Algeria,DZA,1979,0
Algeria,DZA,1980,0
Algeria,DZA,1981,0
Algeria,DZA,1982,0
Algeria,DZA,1983,0
Algeria,DZA,1984,0
Algeria,DZA,1985,0
Algeria,DZA,1986,0
Algeria,DZA,1987,0
Algeria,DZA,1988,0
Algeria,DZA,1989,0
Algeria,DZA,1990,0
Algeria,DZA,1991,0
Algeria,DZA,1992,0
Algeria,DZA,1993,0
Algeria,DZA,1994,0
Algeria,DZA,1995,0
Algeria,DZA,1996,0
Algeria,DZA,1997,0
Algeria,DZA,1998,0
Algeria,DZA,1999,0
Algeria,DZA,2000,0
Algeria,DZA,2001,0
Algeria,DZA,2002,0
Algeria,DZA,2003,0
Algeria,DZA,2004,0
Algeria,DZA,2005,0
Algeria,DZA,2006,0
Algeria,DZA,2007,0
Algeria,DZA,2008,0
Algeria,DZA,2009,0
Algeria,DZA,2010,0
Algeria,DZA,2011,0
Algeria,DZA,2012,0
Algeria,DZA,2013,0
Algeria,DZA,2014,0
Algeria,DZA,2015,0
Algeria,DZA,2016,0
Algeria,DZA,2017,0
Algeria,DZA,2018,0
Algeria,DZA,2019,0
Argentina,ARG,1965,0
Argentina,ARG,1966,0
Argentina,ARG,1967,0
Argentina,ARG,1968,0
Argentina,ARG,1969,0
Argentina,ARG,1970,0
Argentina,ARG,1971,0
Argentina,ARG,1972,0
Argentina,ARG,1973,0
Argentina,ARG,1974,2.878
Argentina,ARG,1975,6.992
Argentina,ARG,1976,7.144
Argentina,ARG,1977,4.547
Argentina,ARG,1978,8.044
Argentina,ARG,1979,7.478
Argentina,ARG,1980,6.5
Argentina,ARG,1981,7.822
Argentina,ARG,1982,5.194
Argentina,ARG,1983,9.458
Argentina,ARG,1984,12.892
Argentina,ARG,1985,16.017
Argentina,ARG,1986,15.864
Argentina,ARG,1987,17.958
Argentina,ARG,1988,16.106
Argentina,ARG,1989,13.997
Argentina,ARG,1990,20.225
Argentina,ARG,1991,21.544
Argentina,ARG,1992,19.669
Argentina,ARG,1993,21.528
Argentina,ARG,1994,22.875
Argentina,ARG,1995,19.628
Argentina,ARG,1996,20.719
Argentina,ARG,1997,22.114
Argentina,ARG,1998,20.703
Argentina,ARG,1999,19.739
Argentina,ARG,2000,17.158
Argentina,ARG,2001,19.481
Argentina,ARG,2002,15.961
Argentina,ARG,2003,20.613
Argentina,ARG,2004,21.301
Argentina,ARG,2005,18.488
Argentina,ARG,2006,20.638
Argentina,ARG,2007,19.268
Argentina,ARG,2008,19.518
Argentina,ARG,2009,21.468
Argentina,ARG,2010,18.799
Argentina,ARG,2011,16.585
Argentina,ARG,2012,16.49
Argentina,ARG,2013,15.891
Argentina,ARG,2014,14.033
Argentina,ARG,2015,17.807
Argentina,ARG,2016,20.835
Argentina,ARG,2017,15.22
Argentina,ARG,2018,17.08
Argentina,ARG,2019,20.904
Australia,AUS,1965,0
Australia,AUS,1966,0
Australia,AUS,1967,0
Australia,AUS,1968,0
Australia,AUS,1969,0
Australia,AUS,1970,0
Australia,AUS,1971,0
Australia,AUS,1972,0
Australia,AUS,1973,0
Australia,AUS,1974,0
Australia,AUS,1975,0
Australia,AUS,1976,0
Australia,AUS,1977,0
Australia,AUS,1978,0
Australia,AUS,1979,0
Australia,AUS,1980,0
Australia,AUS,1981,0
Australia,AUS,1982,0
Australia,AUS,1983,0
Australia,AUS,1984,0
Australia,AUS,1985,0
Australia,AUS,1986,0
Australia,AUS,1987,0
Australia,AUS,1988,0
Australia,AUS,1989,0
Australia,AUS,1990,0
Australia,AUS,1991,0
Australia,AUS,1992,0
Australia,AUS,1993,0
Australia,AUS,1994,0
Australia,AUS,1995,0
Australia,AUS,1996,0
Australia,AUS,1997,0
Australia,AUS,1998,0
Australia,AUS,1999,0
Australia,AUS,2000,0
Australia,AUS,2001,0
Australia,AUS,2002,0
Australia,AUS,2003,0
Australia,AUS,2004,0
Australia,AUS,2005,0
Australia,AUS,2006,0
Australia,AUS,2007,0
Australia,AUS,2008,0
Australia,AUS,2009,0
Australia,AUS,2010,0
Australia,AUS,2011,0
Australia,AUS,2012,0
Australia,AUS,2013,0
Australia,AUS,2014,0
Australia,AUS,2015,0
Australia,AUS,2016,0
Australia,AUS,2017,0
Australia,AUS,2018,0
Australia,AUS,2019,0
Austria,AUT,1965,0
Austria,AUT,1966,0
Austria,AUT,1967,0
Austria,AUT,1968,0
Austria,AUT,1969,0
Austria,AUT,1970,0
Austria,AUT,1971,0
Austria,AUT,1972,0
Austria,AUT,1973,0
Austria,AUT,1974,0
Austria,AUT,1975,0
Austria,AUT,1976,0
Austria,AUT,1977,0
Austria,AUT,1978,0
Austria,AUT,1979,0
Austria,AUT,1980,0
Austria,AUT,1981,0
Austria,AUT,1982,0
Austria,AUT,1983,0
Austria,AUT,1984,0
Austria,AUT,1985,0
Austria,AUT,1986,0
Austria,AUT,1987,0
Austria,AUT,1988,0
Austria,AUT,1989,0
Austria,AUT,1990,0
Austria,AUT,1991,0
Austria,AUT,1992,0
Austria,AUT,1993,0
Austria,AUT,1994,0
Austria,AUT,1995,0
Austria,AUT,1996,0
Austria,AUT,1997,0
Austria,AUT,1998,0
Austria,AUT,1999,0
Austria,AUT,2000,0
Austria,AUT,2001,0
Austria,AUT,2002,0
Austria,AUT,2003,0
Austria,AUT,2004,0
Austria,AUT,2005,0
Austria,AUT,2006,0
Austria,AUT,2007,0
Austria,AUT,2008,0
Austria,AUT,2009,0
Austria,AUT,2010,0
Austria,AUT,2011,0
Austria,AUT,2012,0
Austria,AUT,2013,0
Austria,AUT,2014,0
Austria,AUT,2015,0
Austria,AUT,2016,0
Austria,AUT,2017,0
Austria,AUT,2018,0
Austria,AUT,2019,0
Azerbaijan,AZE,1985,0
Azerbaijan,AZE,1986,0
Azerbaijan,AZE,1987,0
Azerbaijan,AZE,1988,0
Azerbaijan,AZE,1989,0
Azerbaijan,AZE,1990,0
Azerbaijan,AZE,1991,0
Azerbaijan,AZE,1992,0
Azerbaijan,AZE,1993,0
Azerbaijan,AZE,1994,0
Azerbaijan,AZE,1995,0
Azerbaijan,AZE,1996,0
Azerbaijan,AZE,1997,0
Azerbaijan,AZE,1998,0
Azerbaijan,AZE,1999,0
Azerbaijan,AZE,2000,0
Azerbaijan,AZE,2001,0
Azerbaijan,AZE,2002,0
Azerbaijan,AZE,2003,0
Azerbaijan,AZE,2004,0
Azerbaijan,AZE,2005,0
Azerbaijan,AZE,2006,0
Azerbaijan,AZE,2007,0
Azerbaijan,AZE,2008,0
Azerbaijan,AZE,2009,0
Azerbaijan,AZE,2010,0
Azerbaijan,AZE,2011,0
Azerbaijan,AZE,2012,0
Azerbaijan,AZE,2013,0
Azerbaijan,AZE,2014,0
Azerbaijan,AZE,2015,0
Azerbaijan,AZE,2016,0
Azerbaijan,AZE,2017,0
Azerbaijan,AZE,2018,0
Azerbaijan,AZE,2019,0
Bangladesh,BGD,1965,0
Bangladesh,BGD,1966,0
Bangladesh,BGD,1967,0
Bangladesh,BGD,1968,0
Bangladesh,BGD,1969,0
Bangladesh,BGD,1970,0
Bangladesh,BGD,1971,0
Bangladesh,BGD,1972,0
Bangladesh,BGD,1973,0
Bangladesh,BGD,1974,0
Bangladesh,BGD,1975,0
Bangladesh,BGD,1976,0
Bangladesh,BGD,1977,0
Bangladesh,BGD,1978,0
Bangladesh,BGD,1979,0
Bangladesh,BGD,1980,0
Bangladesh,BGD,1981,0
Bangladesh,BGD,1982,0
Bangladesh,BGD,1983,0
Bangladesh,BGD,1984,0
Bangladesh,BGD,1985,0
Bangladesh,BGD,1986,0
Bangladesh,BGD,1987,0
Bangladesh,BGD,1988,0
Bangladesh,BGD,1989,0
Bangladesh,BGD,1990,0
Bangladesh,BGD,1991,0
Bangladesh,BGD,1992,0
Bangladesh,BGD,1993,0
Bangladesh,BGD,1994,0
Bangladesh,BGD,1995,0
Bangladesh,BGD,1996,0
Bangladesh,BGD,1997,0
Bangladesh,BGD,1998,0
Bangladesh,BGD,1999,0
Bangladesh,BGD,2000,0
Bangladesh,BGD,2001,0
Bangladesh,BGD,2002,0
Bangladesh,BGD,2003,0
Bangladesh,BGD,2004,0
Bangladesh,BGD,2005,0
Bangladesh,BGD,2006,0
Bangladesh,BGD,2007,0
Bangladesh,BGD,2008,0
Bangladesh,BGD,2009,0
Bangladesh,BGD,2010,0
Bangladesh,BGD,2011,0
Bangladesh,BGD,2012,0
Bangladesh,BGD,2013,0
Bangladesh,BGD,2014,0
Bangladesh,BGD,2015,0
Bangladesh,BGD,2016,0
Bangladesh,BGD,2017,0
Bangladesh,BGD,2018,0
Bangladesh,BGD,2019,0
Belarus,BLR,1985,0
Belarus,BLR,1986,0
Belarus,BLR,1987,0
Belarus,BLR,1988,0
Belarus,BLR,1989,0
Belarus,BLR,1990,0
Belarus,BLR,1991,0
Belarus,BLR,1992,0
Belarus,BLR,1993,0
Belarus,BLR,1994,0
Belarus,BLR,1995,0
Belarus,BLR,1996,0
Belarus,BLR,1997,0
Belarus,BLR,1998,0
Belarus,BLR,1999,0
Belarus,BLR,2000,0
Belarus,BLR,2001,0
Belarus,BLR,2002,0
Belarus,BLR,2003,0
Belarus,BLR,2004,0
Belarus,BLR,2005,0
Belarus,BLR,2006,0
Belarus,BLR,2007,0
Belarus,BLR,2008,0
Belarus,BLR,2009,0
Belarus,BLR,2010,0
Belarus,BLR,2011,0
Belarus,BLR,2012,0
Belarus,BLR,2013,0
Belarus,BLR,2014,0
Belarus,BLR,2015,0
Belarus,BLR,2016,0
Belarus,BLR,2017,0
Belarus,BLR,2018,0
Belarus,BLR,2019,0
Belgium,BEL,1965,0
Belgium,BEL,1966,0.017
Belgium,BEL,1967,0.261
Belgium,BEL,1968,0.169
Belgium,BEL,1969,0.061
Belgium,BEL,1970,0.158
Belgium,BEL,1971,0
Belgium,BEL,1972,0.031
Belgium,BEL,1973,0.211
Belgium,BEL,1974,0.411
Belgium,BEL,1975,18.844
Belgium,BEL,1976,27.878
Belgium,BEL,1977,33.164
Belgium,BEL,1978,34.758
Belgium,BEL,1979,31.686
Belgium,BEL,1980,34.858
Belgium,BEL,1981,35.719
Belgium,BEL,1982,43.511
Belgium,BEL,1983,66.961
Belgium,BEL,1984,77.064
Belgium,BEL,1985,96.114
Belgium,BEL,1986,109.428
Belgium,BEL,1987,116.575
Belgium,BEL,1988,119.728
Belgium,BEL,1989,114.492
Belgium,BEL,1990,118.672
Belgium,BEL,1991,119.058
Belgium,BEL,1992,120.711
Belgium,BEL,1993,116.464
Belgium,BEL,1994,112.845
Belgium,BEL,1995,114.878
Belgium,BEL,1996,120.378
Belgium,BEL,1997,131.689
Belgium,BEL,1998,128.236
Belgium,BEL,1999,136.158
Belgium,BEL,2000,133.77
Belgium,BEL,2001,127.911
Belgium,BEL,2002,129.858
Belgium,BEL,2003,129.078
Belgium,BEL,2004,128.074
Belgium,BEL,2005,128.025
Belgium,BEL,2006,124.68
Belgium,BEL,2007,128.103
Belgium,BEL,2008,120.288
Belgium,BEL,2009,123.885
Belgium,BEL,2010,125.007
Belgium,BEL,2011,124.997
Belgium,BEL,2012,103.79
Belgium,BEL,2013,109.179
Belgium,BEL,2014,85.771
Belgium,BEL,2015,66.034
Belgium,BEL,2016,109.451
Belgium,BEL,2017,105.567
Belgium,BEL,2018,71.074
Belgium,BEL,2019,108.352
Brazil,BRA,1965,0
Brazil,BRA,1966,0
Brazil,BRA,1967,0
Brazil,BRA,1968,0
Brazil,BRA,1969,0
Brazil,BRA,1970,0
Brazil,BRA,1971,0
Brazil,BRA,1972,0
Brazil,BRA,1973,0
Brazil,BRA,1974,0
Brazil,BRA,1975,0
Brazil,BRA,1976,0
Brazil,BRA,1977,0
Brazil,BRA,1978,0
Brazil,BRA,1979,0
Brazil,BRA,1980,0
Brazil,BRA,1981,0
Brazil,BRA,1982,0
Brazil,BRA,1983,0
Brazil,BRA,1984,4.564
Brazil,BRA,1985,9.392
Brazil,BRA,1986,0.4
Brazil,BRA,1987,2.703
Brazil,BRA,1988,1.689
Brazil,BRA,1989,5.083
Brazil,BRA,1990,6.214
Brazil,BRA,1991,4.006
Brazil,BRA,1992,4.886
Brazil,BRA,1993,1.228
Brazil,BRA,1994,0.153
Brazil,BRA,1995,6.997
Brazil,BRA,1996,6.742
Brazil,BRA,1997,8.803
Brazil,BRA,1998,9.069
Brazil,BRA,1999,11.047
Brazil,BRA,2000,16.794
Brazil,BRA,2001,39.406
Brazil,BRA,2002,37.937
Brazil,BRA,2003,36.392
Brazil,BRA,2004,31.431
Brazil,BRA,2005,26.509
Brazil,BRA,2006,36.764
Brazil,BRA,2007,32.804
Brazil,BRA,2008,36.874
Brazil,BRA,2009,33.992
Brazil,BRA,2010,37.867
Brazil,BRA,2011,40.581
Brazil,BRA,2012,41.311
Brazil,BRA,2013,39.555
Brazil,BRA,2014,39.137
Brazil,BRA,2015,37.274
Brazil,BRA,2016,39.896
Brazil,BRA,2017,39.348
Brazil,BRA,2018,38.956
Brazil,BRA,2019,40.028
Bulgaria,BGR,1965,0
Bulgaria,BGR,1966,0
Bulgaria,BGR,1967,0
Bulgaria,BGR,1968,0
Bulgaria,BGR,1969,0
Bulgaria,BGR,1970,0
Bulgaria,BGR,1971,0
Bulgaria,BGR,1972,0
Bulgaria,BGR,1973,0
Bulgaria,BGR,1974,2.578
Bulgaria,BGR,1975,7.094
Bulgaria,BGR,1976,13.858
Bulgaria,BGR,1977,16.344
Bulgaria,BGR,1978,16.417
Bulgaria,BGR,1979,17.167
Bulgaria,BGR,1980,17.125
Bulgaria,BGR,1981,25.331
Bulgaria,BGR,1982,29.85
Bulgaria,BGR,1983,34.217
Bulgaria,BGR,1984,35.375
Bulgaria,BGR,1985,36.475
Bulgaria,BGR,1986,33.528
Bulgaria,BGR,1987,34.544
Bulgaria,BGR,1988,44.528
Bulgaria,BGR,1989,40.461
Bulgaria,BGR,1990,40.736
Bulgaria,BGR,1991,36.622
Bulgaria,BGR,1992,32.089
Bulgaria,BGR,1993,38.814
Bulgaria,BGR,1994,42.597
Bulgaria,BGR,1995,47.947
Bulgaria,BGR,1996,50.228
Bulgaria,BGR,1997,49.308
Bulgaria,BGR,1998,46.942
Bulgaria,BGR,1999,43.928
Bulgaria,BGR,2000,50.494
Bulgaria,BGR,2001,53.961
Bulgaria,BGR,2002,55.447
Bulgaria,BGR,2003,47.077
Bulgaria,BGR,2004,45.518
Bulgaria,BGR,2005,50.174
Bulgaria,BGR,2006,52.104
Bulgaria,BGR,2007,38.896
Bulgaria,BGR,2008,41.616
Bulgaria,BGR,2009,40.023
Bulgaria,BGR,2010,39.76
Bulgaria,BGR,2011,42.277
Bulgaria,BGR,2012,40.658
Bulgaria,BGR,2013,36.282
Bulgaria,BGR,2014,40.379
Bulgaria,BGR,2015,38.905
Bulgaria,BGR,2016,39.673
Bulgaria,BGR,2017,38.864
Bulgaria,BGR,2018,40.077
Bulgaria,BGR,2019,41.029
Canada,CAN,1965,0.356
Canada,CAN,1966,0.478
Canada,CAN,1967,0.425
Canada,CAN,1968,2.55
Canada,CAN,1969,1.469
Canada,CAN,1970,2.881
Canada,CAN,1971,11.853
Canada,CAN,1972,20.031
Canada,CAN,1973,42.372
Canada,CAN,1974,40.822
Canada,CAN,1975,34.917
Canada,CAN,1976,48.378
Canada,CAN,1977,73.172
Canada,CAN,1978,86.672
Canada,CAN,1979,97.975
Canada,CAN,1980,105.645
Canada,CAN,1981,111.297
Canada,CAN,1982,106.492
Canada,CAN,1983,135.028
Canada,CAN,1984,145.028
Canada,CAN,1985,168.114
Canada,CAN,1986,197.964
Canada,CAN,1987,214.614
Canada,CAN,1988,230.186
Canada,CAN,1989,220.325
Canada,CAN,1990,201.278
Canada,CAN,1991,234.275
Canada,CAN,1992,222.284
Canada,CAN,1993,259.123
Canada,CAN,1994,297.456
Canada,CAN,1995,269.901
Canada,CAN,1996,255.895
Canada,CAN,1997,227.652
Canada,CAN,1998,197.202
Canada,CAN,1999,202.722
Canada,CAN,2000,200.816
Canada,CAN,2001,210.188
Canada,CAN,2002,205.645
Canada,CAN,2003,202.615
Canada,CAN,2004,242.975
Canada,CAN,2005,245.855
Canada,CAN,2006,260.034
Canada,CAN,2007,246.612
Canada,CAN,2008,251.708
Canada,CAN,2009,234.708
Canada,CAN,2010,234.736
Canada,CAN,2011,240.846
Canada,CAN,2012,242.643
Canada,CAN,2013,262.989
Canada,CAN,2014,271.121
Canada,CAN,2015,255.761
Canada,CAN,2016,253.299
Canada,CAN,2017,251.487
Canada,CAN,2018,248.616
Canada,CAN,2019,248.825
Chile,CHL,1965,0
Chile,CHL,1966,0
Chile,CHL,1967,0
Chile,CHL,1968,0
Chile,CHL,1969,0
Chile,CHL,1970,0
Chile,CHL,1971,0
Chile,CHL,1972,0
Chile,CHL,1973,0
Chile,CHL,1974,0
Chile,CHL,1975,0
Chile,CHL,1976,0
Chile,CHL,1977,0
Chile,CHL,1978,0
Chile,CHL,1979,0
Chile,CHL,1980,0
Chile,CHL,1981,0
Chile,CHL,1982,0
Chile,CHL,1983,0
Chile,CHL,1984,0
Chile,CHL,1985,0
Chile,CHL,1986,0
Chile,CHL,1987,0
Chile,CHL,1988,0
Chile,CHL,1989,0
Chile,CHL,1990,0
Chile,CHL,1991,0
Chile,CHL,1992,0
Chile,CHL,1993,0
Chile,CHL,1994,0
Chile,CHL,1995,0
Chile,CHL,1996,0
Chile,CHL,1997,0
Chile,CHL,1998,0
Chile,CHL,1999,0
Chile,CHL,2000,0
Chile,CHL,2001,0
Chile,CHL,2002,0
Chile,CHL,2003,0
Chile,CHL,2004,0
Chile,CHL,2005,0
Chile,CHL,2006,0
Chile,CHL,2007,0
Chile,CHL,2008,0
Chile,CHL,2009,0
Chile,CHL,2010,0
Chile,CHL,2011,0
Chile,CHL,2012,0
Chile,CHL,2013,0
Chile,CHL,2014,0
Chile,CHL,2015,0
Chile,CHL,2016,0
Chile,CHL,2017,0
Chile,CHL,2018,0
Chile,CHL,2019,0
China,CHN,1965,0
China,CHN,1966,0
China,CHN,1967,0
China,CHN,1968,0
China,CHN,1969,0
China,CHN,1970,0
China,CHN,1971,0
China,CHN,1972,0
China,CHN,1973,0
China,CHN,1974,0
China,CHN,1975,0
China,CHN,1976,0
China,CHN,1977,0
China,CHN,1978,0
China,CHN,1979,0
China,CHN,1980,0
China,CHN,1981,0
China,CHN,1982,0
China,CHN,1983,0
China,CHN,1984,0
China,CHN,1985,0
China,CHN,1986,0
China,CHN,1987,0
China,CHN,1988,0
China,CHN,1989,0
China,CHN,1990,0
China,CHN,1991,0
China,CHN,1992,0
China,CHN,1993,4.456
China,CHN,1994,40.989
China,CHN,1995,35.647
China,CHN,1996,39.828
China,CHN,1997,40.05
China,CHN,1998,39.167
China,CHN,1999,41.525
China,CHN,2000,46.492
China,CHN,2001,48.218
China,CHN,2002,68.897
China,CHN,2003,118.079
China,CHN,2004,136.62
China,CHN,2005,142.8
China,CHN,2006,146.593
China,CHN,2007,165.033
China,CHN,2008,180.543
China,CHN,2009,183.774
China,CHN,2010,194.88
China,CHN,2011,225.976
China,CHN,2012,253.245
China,CHN,2013,285.469
China,CHN,2014,339.027
China,CHN,2015,433.546
China,CHN,2016,536.1
China,CHN,2017,620.25
China,CHN,2018,733.188
China,CHN,2019,863.457
Colombia,COL,1965,0
Colombia,COL,1966,0
Colombia,COL,1967,0
Colombia,COL,1968,0
Colombia,COL,1969,0
Colombia,COL,1970,0
Colombia,COL,1971,0
Colombia,COL,1972,0
Colombia,COL,1973,0
Colombia,COL,1974,0
Colombia,COL,1975,0
Colombia,COL,1976,0
Colombia,COL,1977,0
Colombia,COL,1978,0
Colombia,COL,1979,0
Colombia,COL,1980,0
Colombia,COL,1981,0
Colombia,COL,1982,0
Colombia,COL,1983,0
Colombia,COL,1984,0
Colombia,COL,1985,0
Colombia,COL,1986,0
Colombia,COL,1987,0
Colombia,COL,1988,0
Colombia,COL,1989,0
Colombia,COL,1990,0
Colombia,COL,1991,0
Colombia,COL,1992,0
Colombia,COL,1993,0
Colombia,COL,1994,0
Colombia,COL,1995,0
Colombia,COL,1996,0
Colombia,COL,1997,0
Colombia,COL,1998,0
Colombia,COL,1999,0
Colombia,COL,2000,0
Colombia,COL,2001,0
Colombia,COL,2002,0
Colombia,COL,2003,0
Colombia,COL,2004,0
Colombia,COL,2005,0
Colombia,COL,2006,0
Colombia,COL,2007,0
Colombia,COL,2008,0
Colombia,COL,2009,0
Colombia,COL,2010,0
Colombia,COL,2011,0
Colombia,COL,2012,0
Colombia,COL,2013,0
Colombia,COL,2014,0
Colombia,COL,2015,0
Colombia,COL,2016,0
Colombia,COL,2017,0
Colombia,COL,2018,0
Colombia,COL,2019,0
Croatia,HRV,1990,0
Croatia,HRV,1991,0
Croatia,HRV,1992,0
Croatia,HRV,1993,0
Croatia,HRV,1994,0
Croatia,HRV,1995,0
Croatia,HRV,1996,0
Croatia,HRV,1997,0
Croatia,HRV,1998,0
Croatia,HRV,1999,0
Croatia,HRV,2000,0
Croatia,HRV,2001,0
Croatia,HRV,2002,0
Croatia,HRV,2003,0
Croatia,HRV,2004,0
Croatia,HRV,2005,0
Croatia,HRV,2006,0
Croatia,HRV,2007,0
Croatia,HRV,2008,0
Croatia,HRV,2009,0
Croatia,HRV,2010,0
Croatia,HRV,2011,0
Croatia,HRV,2012,0
Croatia,HRV,2013,0
Croatia,HRV,2014,0
Croatia,HRV,2015,0
Croatia,HRV,2016,0
Croatia,HRV,2017,0
Croatia,HRV,2018,0
Croatia,HRV,2019,0
Cyprus,CYP,1965,0
Cyprus,CYP,1966,0
Cyprus,CYP,1967,0
Cyprus,CYP,1968,0
Cyprus,CYP,1969,0
Cyprus,CYP,1970,0
Cyprus,CYP,1971,0
Cyprus,CYP,1972,0
Cyprus,CYP,1973,0
Cyprus,CYP,1974,0
Cyprus,CYP,1975,0
Cyprus,CYP,1976,0
Cyprus,CYP,1977,0
Cyprus,CYP,1978,0
Cyprus,CYP,1979,0
Cyprus,CYP,1980,0
Cyprus,CYP,1981,0
Cyprus,CYP,1982,0
Cyprus,CYP,1983,0
Cyprus,CYP,1984,0
Cyprus,CYP,1985,0
Cyprus,CYP,1986,0
Cyprus,CYP,1987,0
Cyprus,CYP,1988,0
Cyprus,CYP,1989,0
Cyprus,CYP,1990,0
Cyprus,CYP,1991,0
Cyprus,CYP,1992,0
Cyprus,CYP,1993,0
Cyprus,CYP,1994,0
Cyprus,CYP,1995,0
Cyprus,CYP,1996,0
Cyprus,CYP,1997,0
Cyprus,CYP,1998,0
Cyprus,CYP,1999,0
Cyprus,CYP,2000,0
Cyprus,CYP,2001,0
Cyprus,CYP,2002,0
Cyprus,CYP,2003,0
Cyprus,CYP,2004,0
Cyprus,CYP,2005,0
Cyprus,CYP,2006,0
Cyprus,CYP,2007,0
Cyprus,CYP,2008,0
Cyprus,CYP,2009,0
Cyprus,CYP,2010,0
Cyprus,CYP,2011,0
Cyprus,CYP,2012,0
Cyprus,CYP,2013,0
Cyprus,CYP,2014,0
Cyprus,CYP,2015,0
Cyprus,CYP,2016,0
Cyprus,CYP,2017,0
Cyprus,CYP,2018,0
Cyprus,CYP,2019,0
Czechia,CZE,1965,0
Czechia,CZE,1966,0
Czechia,CZE,1967,0
Czechia,CZE,1968,0
Czechia,CZE,1969,0
Czechia,CZE,1970,0
Czechia,CZE,1971,0
Czechia,CZE,1972,0
Czechia,CZE,1973,0
Czechia,CZE,1974,0
Czechia,CZE,1975,0
Czechia,CZE,1976,0
Czechia,CZE,1977,0
Czechia,CZE,1978,0
Czechia,CZE,1979,0
Czechia,CZE,1980,0
Czechia,CZE,1981,0
Czechia,CZE,1982,0
Czechia,CZE,1983,0.556
Czechia,CZE,1984,3.442
Czechia,CZE,1985,6.658
Czechia,CZE,1986,17.081
Czechia,CZE,1987,29.725
Czechia,CZE,1988,32.822
Czechia,CZE,1989,34.494
Czechia,CZE,1990,34.958
Czechia,CZE,1991,33.7
Czechia,CZE,1992,34.028
Czechia,CZE,1993,35.075
Czechia,CZE,1994,36.047
Czechia,CZE,1995,33.972
Czechia,CZE,1996,35.694
Czechia,CZE,1997,34.706
Czechia,CZE,1998,36.606
Czechia,CZE,1999,37.103
Czechia,CZE,2000,37.75
Czechia,CZE,2001,40.704
Czechia,CZE,2002,51.379
Czechia,CZE,2003,70.484
Czechia,CZE,2004,71.261
Czechia,CZE,2005,66.514
Czechia,CZE,2006,69.621
Czechia,CZE,2007,69.52
Czechia,CZE,2008,70.088
Czechia,CZE,2009,71.379
Czechia,CZE,2010,72.975
Czechia,CZE,2011,73.293
Czechia,CZE,2012,78.108
Czechia,CZE,2013,78.715
Czechia,CZE,2014,77.174
Czechia,CZE,2015,67.901
Czechia,CZE,2016,60.617
Czechia,CZE,2017,70.849
Czechia,CZE,2018,74.366
Czechia,CZE,2019,74.896
Denmark,DNK,1965,0
Denmark,DNK,1966,0
Denmark,DNK,1967,0
Denmark,DNK,1968,0
Denmark,DNK,1969,0
Denmark,DNK,1970,0
Denmark,DNK,1971,0
Denmark,DNK,1972,0
Denmark,DNK,1973,0
Denmark,DNK,1974,0
Denmark,DNK,1975,0
Denmark,DNK,1976,0
Denmark,DNK,1977,0
Denmark,DNK,1978,0
Denmark,DNK,1979,0
Denmark,DNK,1980,0
Denmark,DNK,1981,0
Denmark,DNK,1982,0
Denmark,DNK,1983,0
Denmark,DNK,1984,0
Denmark,DNK,1985,0
Denmark,DNK,1986,0
Denmark,DNK,1987,0
Denmark,DNK,1988,0
Denmark,DNK,1989,0
Denmark,DNK,1990,0
Denmark,DNK,1991,0
Denmark,DNK,1992,0
Denmark,DNK,1993,0
Denmark,DNK,1994,0
Denmark,DNK,1995,0
Denmark,DNK,1996,0
Denmark,DNK,1997,0
Denmark,DNK,1998,0
Denmark,DNK,1999,0
Denmark,DNK,2000,0
Denmark,DNK,2001,0
Denmark,DNK,2002,0
Denmark,DNK,2003,0
Denmark,DNK,2004,0
Denmark,DNK,2005,0
Denmark,DNK,2006,0
Denmark,DNK,2007,0
Denmark,DNK,2008,0
Denmark,DNK,2009,0
Denmark,DNK,2010,0
Denmark,DNK,2011,0
Denmark,DNK,2012,0
Denmark,DNK,2013,0
Denmark,DNK,2014,0
Denmark,DNK,2015,0
Denmark,DNK,2016,0
Denmark,DNK,2017,0
Denmark,DNK,2018,0
Denmark,DNK,2019,0
Ecuador,ECU,1965,0
Ecuador,ECU,1966,0
Ecuador,ECU,1967,0
Ecuador,ECU,1968,0
Ecuador,ECU,1969,0
Ecuador,ECU,1970,0
Ecuador,ECU,1971,0
Ecuador,ECU,1972,0
Ecuador,ECU,1973,0
Ecuador,ECU,1974,0
Ecuador,ECU,1975,0
Ecuador,ECU,1976,0
Ecuador,ECU,1977,0
Ecuador,ECU,1978,0
Ecuador,ECU,1979,0
Ecuador,ECU,1980,0
Ecuador,ECU,1981,0
Ecuador,ECU,1982,0
Ecuador,ECU,1983,0
Ecuador,ECU,1984,0
Ecuador,ECU,1985,0
Ecuador,ECU,1986,0
Ecuador,ECU,1987,0
Ecuador,ECU,1988,0
Ecuador,ECU,1989,0
Ecuador,ECU,1990,0
Ecuador,ECU,1991,0
Ecuador,ECU,1992,0
Ecuador,ECU,1993,0
Ecuador,ECU,1994,0
Ecuador,ECU,1995,0
Ecuador,ECU,1996,0
Ecuador,ECU,1997,0
Ecuador,ECU,1998,0
Ecuador,ECU,1999,0
Ecuador,ECU,2000,0
Ecuador,ECU,2001,0
Ecuador,ECU,2002,0
Ecuador,ECU,2003,0
Ecuador,ECU,2004,0
Ecuador,ECU,2005,0
Ecuador,ECU,2006,0
Ecuador,ECU,2007,0
Ecuador,ECU,2008,0
Ecuador,ECU,2009,0
Ecuador,ECU,2010,0
Ecuador,ECU,2011,0
Ecuador,ECU,2012,0
Ecuador,ECU,2013,0
Ecuador,ECU,2014,0
Ecuador,ECU,2015,0
Ecuador,ECU,2016,0
Ecuador,ECU,2017,0
Ecuador,ECU,2018,0
Ecuador,ECU,2019,0
Egypt,EGY,1965,0
Egypt,EGY,1966,0
Egypt,EGY,1967,0
Egypt,EGY,1968,0
Egypt,EGY,1969,0
Egypt,EGY,1970,0
Egypt,EGY,1971,0
Egypt,EGY,1972,0
Egypt,EGY,1973,0
Egypt,EGY,1974,0
Egypt,EGY,1975,0
Egypt,EGY,1976,0
Egypt,EGY,1977,0
Egypt,EGY,1978,0
Egypt,EGY,1979,0
Egypt,EGY,1980,0
Egypt,EGY,1981,0
Egypt,EGY,1982,0
Egypt,EGY,1983,0
Egypt,EGY,1984,0
Egypt,EGY,1985,0
Egypt,EGY,1986,0
Egypt,EGY,1987,0
Egypt,EGY,1988,0
Egypt,EGY,1989,0
Egypt,EGY,1990,0
Egypt,EGY,1991,0
Egypt,EGY,1992,0
Egypt,EGY,1993,0
Egypt,EGY,1994,0
Egypt,EGY,1995,0
Egypt,EGY,1996,0
Egypt,EGY,1997,0
Egypt,EGY,1998,0
Egypt,EGY,1999,0
Egypt,EGY,2000,0
Egypt,EGY,2001,0
Egypt,EGY,2002,0
Egypt,EGY,2003,0
Egypt,EGY,2004,0
Egypt,EGY,2005,0
Egypt,EGY,2006,0
Egypt,EGY,2007,0
Egypt,EGY,2008,0
Egypt,EGY,2009,0
Egypt,EGY,2010,0
Egypt,EGY,2011,0
Egypt,EGY,2012,0
Egypt,EGY,2013,0
Egypt,EGY,2014,0
Egypt,EGY,2015,0
Egypt,EGY,2016,0
Egypt,EGY,2017,0
Egypt,EGY,2018,0
Egypt,EGY,2019,0
Estonia,EST,1985,0
Estonia,EST,1986,0
Estonia,EST,1987,0
Estonia,EST,1988,0
Estonia,EST,1989,0
Estonia,EST,1990,0
Estonia,EST,1991,0
Estonia,EST,1992,0
Estonia,EST,1993,0
Estonia,EST,1994,0
Estonia,EST,1995,0
Estonia,EST,1996,0
Estonia,EST,1997,0
Estonia,EST,1998,0
Estonia,EST,1999,0
Estonia,EST,2000,0
Estonia,EST,2001,0
Estonia,EST,2002,0
Estonia,EST,2003,0
Estonia,EST,2004,0
Estonia,EST,2005,0
Estonia,EST,2006,0
Estonia,EST,2007,0
Estonia,EST,2008,0
Estonia,EST,2009,0
Estonia,EST,2010,0
Estonia,EST,2011,0
Estonia,EST,2012,0
Estonia,EST,2013,0
Estonia,EST,2014,0
Estonia,EST,2015,0
Estonia,EST,2016,0
Estonia,EST,2017,0
Estonia,EST,2018,0
Estonia,EST,2019,0
Europe,,1965,54.658
Europe,,1966,71.642
Europe,,1967,82.983
Europe,,1968,93.922
Europe,,1969,114.175
Europe,,1970,123.786
Europe,,1971,141.297
Europe,,1972,187.536
Europe,,1973,206.606
Europe,,1974,242.72
Europe,,1975,324.05
Europe,,1976,378.053
Europe,,1977,448.451
Europe,,1978,504.292
Europe,,1979,562.283
Europe,,1980,656.95
Europe,,1981,888.154
Europe,,1982,978.915
Europe,,1983,1154.887
Europe,,1984,1467.939
Europe,,1985,1932.007
Europe,,1986,2052.33
Europe,,1987,2135.914
Europe,,1988,2350.636
Europe,,1989,2463.403
Europe,,1990,2484.479
Europe,,1991,2549.434
Europe,,1992,2567.281
Europe,,1993,2668.585
Europe,,1994,2644.803
Europe,,1995,2713.728
Europe,,1996,2867.173
Europe,,1997,2895.836
Europe,,1998,2871.934
Europe,,1999,2890.15
Europe,,2000,2913.393
Europe,,2001,2986.058
Europe,,2002,3003.67
Europe,,2003,3009.901
Europe,,2004,3039.05
Europe,,2005,2986.285
Europe,,2006,2961.827
Europe,,2007,2804.505
Europe,,2008,2785.199
Europe,,2009,2635.77
Europe,,2010,2690.925
Europe,,2011,2654.09
Europe,,2012,2571.553
Europe,,2013,2525.642
Europe,,2014,2526.339
Europe,,2015,2449.489
Europe,,2016,2369.364
Europe,,2017,2340.309
Europe,,2018,2325.846
Europe,,2019,2299.088
Finland,FIN,1965,0
Finland,FIN,1966,0
Finland,FIN,1967,0
Finland,FIN,1968,0
Finland,FIN,1969,0
Finland,FIN,1970,0
Finland,FIN,1971,0
Finland,FIN,1972,0
Finland,FIN,1973,0
Finland,FIN,1974,0
Finland,FIN,1975,0
Finland,FIN,1976,0
Finland,FIN,1977,7.339
Finland,FIN,1978,9.003
Finland,FIN,1979,18.597
Finland,FIN,1980,19.371
Finland,FIN,1981,40.453
Finland,FIN,1982,46.275
Finland,FIN,1983,48.88
Finland,FIN,1984,52.044
Finland,FIN,1985,52.573
Finland,FIN,1986,52.626
Finland,FIN,1987,54.193
Finland,FIN,1988,53.939
Finland,FIN,1989,52.661
Finland,FIN,1990,53.006
Finland,FIN,1991,53.822
Finland,FIN,1992,53.129
Finland,FIN,1993,54.971
Finland,FIN,1994,53.591
Finland,FIN,1995,53.006
Finland,FIN,1996,54.617
Finland,FIN,1997,58.629
Finland,FIN,1998,61.333
Finland,FIN,1999,64.503
Finland,FIN,2000,63.085
Finland,FIN,2001,63.485
Finland,FIN,2002,61.751
Finland,FIN,2003,62.603
Finland,FIN,2004,62.158
Finland,FIN,2005,63.301
Finland,FIN,2006,61.91
Finland,FIN,2007,62.915
Finland,FIN,2008,61.269
Finland,FIN,2009,62.413
Finland,FIN,2010,60.076
Finland,FIN,2011,60.737
Finland,FIN,2012,59.819
Finland,FIN,2013,61.105
Finland,FIN,2014,60.665
Finland,FIN,2015,59.452
Finland,FIN,2016,58.979
Finland,FIN,2017,56.774
Finland,FIN,2018,54.382
Finland,FIN,2019,56.77
France,FRA,1965,2.492
France,FRA,1966,3.875
France,FRA,1967,5.767
France,FRA,1968,8.569
France,FRA,1969,10
France,FRA,1970,15.864
France,FRA,1971,25.914
France,FRA,1972,40.531
France,FRA,1973,40.975
France,FRA,1974,40.861
France,FRA,1975,50.689
France,FRA,1976,43.828
France,FRA,1977,49.836
France,FRA,1978,84.589
France,FRA,1979,111
France,FRA,1980,170.142
France,FRA,1981,292.572
France,FRA,1982,302.553
France,FRA,1983,400.725
France,FRA,1984,531.206
France,FRA,1985,622.5
France,FRA,1986,705.987
France,FRA,1987,737.556
France,FRA,1988,765.337
France,FRA,1989,844.253
France,FRA,1990,872.448
France,FRA,1991,920.39
France,FRA,1992,940.126
France,FRA,1993,1022.745
France,FRA,1994,999.948
France,FRA,1995,1047.865
France,FRA,1996,1103.723
France,FRA,1997,1098.565
France,FRA,1998,1077.751
France,FRA,1999,1095.123
France,FRA,2000,1153.229
France,FRA,2001,1162.061
France,FRA,2002,1197.569
France,FRA,2003,1201.634
France,FRA,2004,1213.392
France,FRA,2005,1214.557
France,FRA,2006,1203.342
France,FRA,2007,1168.034
France,FRA,2008,1160.032
France,FRA,2009,1074.926
France,FRA,2010,1117.31
France,FRA,2011,1146.433
France,FRA,2012,1095.744
France,FRA,2013,1084.737
France,FRA,2014,1110.801
France,FRA,2015,1106.59
France,FRA,2016,1013.953
France,FRA,2017,995.891
France,FRA,2018,1028.564
France,FRA,2019,989.09
Germany,DEU,1965,0.325
Germany,DEU,1966,0.736
Germany,DEU,1967,3.403
Germany,DEU,1968,4.906
Germany,DEU,1969,13.714
Germany,DEU,1970,18.039
Germany,DEU,1971,17.267
Germany,DEU,1972,26.45
Germany,DEU,1973,33.628
Germany,DEU,1974,40.164
Germany,DEU,1975,67.05
Germany,DEU,1976,82.036
Germany,DEU,1977,114.597
Germany,DEU,1978,121.87
Germany,DEU,1979,144.622
Germany,DEU,1980,154.414
Germany,DEU,1981,182.036
Germany,DEU,1982,206.739
Germany,DEU,1983,216.842
Germany,DEU,1984,289.77
Germany,DEU,1985,385.114
Germany,DEU,1986,362.47
Germany,DEU,1987,393.681
Germany,DEU,1988,435.611
Germany,DEU,1989,449.086
Germany,DEU,1990,423.611
Germany,DEU,1991,409.445
Germany,DEU,1992,441.111
Germany,DEU,1993,426.389
Germany,DEU,1994,420
Germany,DEU,1995,428.056
Germany,DEU,1996,448.925
Germany,DEU,1997,473.134
Germany,DEU,1998,448.889
Germany,DEU,1999,472.234
Germany,DEU,2000,471.128
Germany,DEU,2001,472.758
Germany,DEU,2002,451.986
Germany,DEU,2003,449.683
Germany,DEU,2004,452.246
Germany,DEU,2005,438.555
Germany,DEU,2006,447.336
Germany,DEU,2007,373.294
Germany,DEU,2008,392.735
Germany,DEU,2009,353.989
Germany,DEU,2010,366.481
Germany,DEU,2011,279.804
Germany,DEU,2012,256.185
Germany,DEU,2013,249.086
Germany,DEU,2014,247.185
Germany,DEU,2015,232.198
Germany,DEU,2016,212.837
Germany,DEU,2017,190.811
Germany,DEU,2018,188.901
Germany,DEU,2019,185.893
Greece,GRC,1965,0
Greece,GRC,1966,0
Greece,GRC,1967,0
Greece,GRC,1968,0
Greece,GRC,1969,0
Greece,GRC,1970,0
Greece,GRC,1971,0
Greece,GRC,1972,0
Greece,GRC,1973,0
Greece,GRC,1974,0
Greece,GRC,1975,0
Greece,GRC,1976,0
Greece,GRC,1977,0
Greece,GRC,1978,0
Greece,GRC,1979,0
Greece,GRC,1980,0
Greece,GRC,1981,0
Greece,GRC,1982,0
Greece,GRC,1983,0
Greece,GRC,1984,0
Greece,GRC,1985,0
Greece,GRC,1986,0
Greece,GRC,1987,0
Greece,GRC,1988,0
Greece,GRC,1989,0
Greece,GRC,1990,0
Greece,GRC,1991,0
Greece,GRC,1992,0
Greece,GRC,1993,0
Greece,GRC,1994,0
Greece,GRC,1995,0
Greece,GRC,1996,0
Greece,GRC,1997,0
Greece,GRC,1998,0
Greece,GRC,1999,0
Greece,GRC,2000,0
Greece,GRC,2001,0
Greece,GRC,2002,0
Greece,GRC,2003,0
Greece,GRC,2004,0
Greece,GRC,2005,0
Greece,GRC,2006,0
Greece,GRC,2007,0
Greece,GRC,2008,0
Greece,GRC,2009,0
Greece,GRC,2010,0
Greece,GRC,2011,0
Greece,GRC,2012,0
Greece,GRC,2013,0
Greece,GRC,2014,0
Greece,GRC,2015,0
Greece,GRC,2016,0
Greece,GRC,2017,0
Greece,GRC,2018,0
Greece,GRC,2019,0
Hong Kong,HKG,1965,0
Hong Kong,HKG,1966,0
Hong Kong,HKG,1967,0
Hong Kong,HKG,1968,0
Hong Kong,HKG,1969,0
Hong Kong,HKG,1970,0
Hong Kong,HKG,1971,0
Hong Kong,HKG,1972,0
Hong Kong,HKG,1973,0
Hong Kong,HKG,1974,0
Hong Kong,HKG,1975,0
Hong Kong,HKG,1976,0
Hong Kong,HKG,1977,0
Hong Kong,HKG,1978,0
Hong Kong,HKG,1979,0
Hong Kong,HKG,1980,0
Hong Kong,HKG,1981,0
Hong Kong,HKG,1982,0
Hong Kong,HKG,1983,0
Hong Kong,HKG,1984,0
Hong Kong,HKG,1985,0
Hong Kong,HKG,1986,0
Hong Kong,HKG,1987,0
Hong Kong,HKG,1988,0
Hong Kong,HKG,1989,0
Hong Kong,HKG,1990,0
Hong Kong,HKG,1991,0
Hong Kong,HKG,1992,0
Hong Kong,HKG,1993,0
Hong Kong,HKG,1994,0
Hong Kong,HKG,1995,0
Hong Kong,HKG,1996,0
Hong Kong,HKG,1997,0
Hong Kong,HKG,1998,0
Hong Kong,HKG,1999,0
Hong Kong,HKG,2000,0
Hong Kong,HKG,2001,0
Hong Kong,HKG,2002,0
Hong Kong,HKG,2003,0
Hong Kong,HKG,2004,0
Hong Kong,HKG,2005,0
Hong Kong,HKG,2006,0
Hong Kong,HKG,2007,0
Hong Kong,HKG,2008,0
Hong Kong,HKG,2009,0
Hong Kong,HKG,2010,0
Hong Kong,HKG,2011,0
Hong Kong,HKG,2012,0
Hong Kong,HKG,2013,0
Hong Kong,HKG,2014,0
Hong Kong,HKG,2015,0
Hong Kong,HKG,2016,0
Hong Kong,HKG,2017,0
Hong Kong,HKG,2018,0
Hong Kong,HKG,2019,0
Hungary,HUN,1965,0
Hungary,HUN,1966,0
Hungary,HUN,1967,0
Hungary,HUN,1968,0
Hungary,HUN,1969,0
Hungary,HUN,1970,0
Hungary,HUN,1971,0
Hungary,HUN,1972,0
Hungary,HUN,1973,0
Hungary,HUN,1974,0
Hungary,HUN,1975,0
Hungary,HUN,1976,0
Hungary,HUN,1977,0
Hungary,HUN,1978,0
Hungary,HUN,1979,0
Hungary,HUN,1980,0
Hungary,HUN,1981,0
Hungary,HUN,1982,0
Hungary,HUN,1983,6.869
Hungary,HUN,1984,10.461
Hungary,HUN,1985,18
Hungary,HUN,1986,20.622
Hungary,HUN,1987,30.517
Hungary,HUN,1988,37.347
Hungary,HUN,1989,38.586
Hungary,HUN,1990,38.142
Hungary,HUN,1991,38.128
Hungary,HUN,1992,38.789
Hungary,HUN,1993,38.322
Hungary,HUN,1994,39.025
Hungary,HUN,1995,38.961
Hungary,HUN,1996,39.389
Hungary,HUN,1997,38.8
Hungary,HUN,1998,38.747
Hungary,HUN,1999,39.156
Hungary,HUN,2000,39.389
Hungary,HUN,2001,38.984
Hungary,HUN,2002,38.258
Hungary,HUN,2003,30.003
Hungary,HUN,2004,32.254
Hungary,HUN,2005,37.212
Hungary,HUN,2006,35.981
Hungary,HUN,2007,38.986
Hungary,HUN,2008,39.116
Hungary,HUN,2009,40.469
Hungary,HUN,2010,41.095
Hungary,HUN,2011,40.647
Hungary,HUN,2012,40.679
Hungary,HUN,2013,39.35
Hungary,HUN,2014,39.824
Hungary,HUN,2015,40.057
Hungary,HUN,2016,40.372
Hungary,HUN,2017,40.244
Hungary,HUN,2018,39.103
Hungary,HUN,2019,40.335
Iceland,ISL,1965,0
Iceland,ISL,1966,0
Iceland,ISL,1967,0
Iceland,ISL,1968,0
Iceland,ISL,1969,0
Iceland,ISL,1970,0
Iceland,ISL,1971,0
Iceland,ISL,1972,0
Iceland,ISL,1973,0
Iceland,ISL,1974,0
Iceland,ISL,1975,0
Iceland,ISL,1976,0
Iceland,ISL,1977,0
Iceland,ISL,1978,0
Iceland,ISL,1979,0
Iceland,ISL,1980,0
Iceland,ISL,1981,0
Iceland,ISL,1982,0
Iceland,ISL,1983,0
Iceland,ISL,1984,0
Iceland,ISL,1985,0
Iceland,ISL,1986,0
Iceland,ISL,1987,0
Iceland,ISL,1988,0
Iceland,ISL,1989,0
Iceland,ISL,1990,0
Iceland,ISL,1991,0
Iceland,ISL,1992,0
Iceland,ISL,1993,0
Iceland,ISL,1994,0
Iceland,ISL,1995,0
Iceland,ISL,1996,0
Iceland,ISL,1997,0
Iceland,ISL,1998,0
Iceland,ISL,1999,0
Iceland,ISL,2000,0
Iceland,ISL,2001,0
Iceland,ISL,2002,0
Iceland,ISL,2003,0
Iceland,ISL,2004,0
Iceland,ISL,2005,0
Iceland,ISL,2006,0
Iceland,ISL,2007,0
Iceland,ISL,2008,0
Iceland,ISL,2009,0
Iceland,ISL,2010,0
Iceland,ISL,2011,0
Iceland,ISL,2012,0
Iceland,ISL,2013,0
Iceland,ISL,2014,0
Iceland,ISL,2015,0
Iceland,ISL,2016,0
Iceland,ISL,2017,0
Iceland,ISL,2018,0
Iceland,ISL,2019,0
India,IND,1965,0
India,IND,1966,0
India,IND,1967,0
India,IND,1968,0
India,IND,1969,2.013
India,IND,1970,3.634
India,IND,1971,2.701
India,IND,1972,2.566
India,IND,1973,5.426
India,IND,1974,4.996
India,IND,1975,5.954
India,IND,1976,7.378
India,IND,1977,5.144
India,IND,1978,6.285
India,IND,1979,6.519
India,IND,1980,6.801
India,IND,1981,6.85
India,IND,1982,5.991
India,IND,1983,8.544
India,IND,1984,11.22
India,IND,1985,12.522
India,IND,1986,13.946
India,IND,1987,14.78
India,IND,1988,16.88
India,IND,1989,11.171
India,IND,1990,17.764
India,IND,1991,15.038
India,IND,1992,17.788
India,IND,1993,17.297
India,IND,1994,13.737
India,IND,1995,21.152
India,IND,1996,23.337
India,IND,1997,27.977
India,IND,1998,31.586
India,IND,1999,35.355
India,IND,2000,43.801
India,IND,2001,52.127
India,IND,2002,53.063
India,IND,2003,49.424
India,IND,2004,57.54
India,IND,2005,47.683
India,IND,2006,47.129
India,IND,2007,47.366
India,IND,2008,40.205
India,IND,2009,44.117
India,IND,2010,60.183
India,IND,2011,83.506
India,IND,2012,85.36
India,IND,2013,85.277
India,IND,2014,88.272
India,IND,2015,96.909
India,IND,2016,95.305
India,IND,2017,93.536
India,IND,2018,97.056
India,IND,2019,111.833
Indonesia,IDN,1965,0
Indonesia,IDN,1966,0
Indonesia,IDN,1967,0
Indonesia,IDN,1968,0
Indonesia,IDN,1969,0
Indonesia,IDN,1970,0
Indonesia,IDN,1971,0
Indonesia,IDN,1972,0
Indonesia,IDN,1973,0
Indonesia,IDN,1974,0
Indonesia,IDN,1975,0
Indonesia,IDN,1976,0
Indonesia,IDN,1977,0
Indonesia,IDN,1978,0
Indonesia,IDN,1979,0
Indonesia,IDN,1980,0
Indonesia,IDN,1981,0
Indonesia,IDN,1982,0
Indonesia,IDN,1983,0
Indonesia,IDN,1984,0
Indonesia,IDN,1985,0
Indonesia,IDN,1986,0
Indonesia,IDN,1987,0
Indonesia,IDN,1988,0
Indonesia,IDN,1989,0
Indonesia,IDN,1990,0
Indonesia,IDN,1991,0
Indonesia,IDN,1992,0
Indonesia,IDN,1993,0
Indonesia,IDN,1994,0
Indonesia,IDN,1995,0
Indonesia,IDN,1996,0
Indonesia,IDN,1997,0
Indonesia,IDN,1998,0
Indonesia,IDN,1999,0
Indonesia,IDN,2000,0
Indonesia,IDN,2001,0
Indonesia,IDN,2002,0
Indonesia,IDN,2003,0
Indonesia,IDN,2004,0
Indonesia,IDN,2005,0
Indonesia,IDN,2006,0
Indonesia,IDN,2007,0
Indonesia,IDN,2008,0
Indonesia,IDN,2009,0
Indonesia,IDN,2010,0
Indonesia,IDN,2011,0
Indonesia,IDN,2012,0
Indonesia,IDN,2013,0
Indonesia,IDN,2014,0
Indonesia,IDN,2015,0
Indonesia,IDN,2016,0
Indonesia,IDN,2017,0
Indonesia,IDN,2018,0
Indonesia,IDN,2019,0
Iran,IRN,1965,0
Iran,IRN,1966,0
Iran,IRN,1967,0
Iran,IRN,1968,0
Iran,IRN,1969,0
Iran,IRN,1970,0
Iran,IRN,1971,0
Iran,IRN,1972,0
Iran,IRN,1973,0
Iran,IRN,1974,0
Iran,IRN,1975,0
Iran,IRN,1976,0
Iran,IRN,1977,0
Iran,IRN,1978,0
Iran,IRN,1979,0
Iran,IRN,1980,0
Iran,IRN,1981,0
Iran,IRN,1982,0
Iran,IRN,1983,0
Iran,IRN,1984,0
Iran,IRN,1985,0
Iran,IRN,1986,0
Iran,IRN,1987,0
Iran,IRN,1988,0
Iran,IRN,1989,0
Iran,IRN,1990,0
Iran,IRN,1991,0
Iran,IRN,1992,0
Iran,IRN,1993,0
Iran,IRN,1994,0
Iran,IRN,1995,0
Iran,IRN,1996,0
Iran,IRN,1997,0
Iran,IRN,1998,0
Iran,IRN,1999,0
Iran,IRN,2000,0
Iran,IRN,2001,0
Iran,IRN,2002,0
Iran,IRN,2003,0
Iran,IRN,2004,0
Iran,IRN,2005,0
Iran,IRN,2006,0
Iran,IRN,2007,0
Iran,IRN,2008,0
Iran,IRN,2009,0
Iran,IRN,2010,0
Iran,IRN,2011,0.288
Iran,IRN,2012,3.806
Iran,IRN,2013,11.066
Iran,IRN,2014,10.536
Iran,IRN,2015,8.973
Iran,IRN,2016,16.281
Iran,IRN,2017,17.394
Iran,IRN,2018,17.113
Iran,IRN,2019,15.874
Iraq,IRQ,1965,0
Iraq,IRQ,1966,0
Iraq,IRQ,1967,0
Iraq,IRQ,1968,0
Iraq,IRQ,1969,0
Iraq,IRQ,1970,0
Iraq,IRQ,1971,0
Iraq,IRQ,1972,0
Iraq,IRQ,1973,0
Iraq,IRQ,1974,0
Iraq,IRQ,1975,0
Iraq,IRQ,1976,0
Iraq,IRQ,1977,0
Iraq,IRQ,1978,0
Iraq,IRQ,1979,0
Iraq,IRQ,1980,0
Iraq,IRQ,1981,0
Iraq,IRQ,1982,0
Iraq,IRQ,1983,0
Iraq,IRQ,1984,0
Iraq,IRQ,1985,0
Iraq,IRQ,1986,0
Iraq,IRQ,1987,0
Iraq,IRQ,1988,0
Iraq,IRQ,1989,0
Iraq,IRQ,1990,0
Iraq,IRQ,1991,0
Iraq,IRQ,1992,0
Iraq,IRQ,1993,0
Iraq,IRQ,1994,0
Iraq,IRQ,1995,0
Iraq,IRQ,1996,0
Iraq,IRQ,1997,0
Iraq,IRQ,1998,0
Iraq,IRQ,1999,0
Iraq,IRQ,2000,0
Iraq,IRQ,2001,0
Iraq,IRQ,2002,0
Iraq,IRQ,2003,0
Iraq,IRQ,2004,0
Iraq,IRQ,2005,0
Iraq,IRQ,2006,0
Iraq,IRQ,2007,0
Iraq,IRQ,2008,0
Iraq,IRQ,2009,0
Iraq,IRQ,2010,0
Iraq,IRQ,2011,0
Iraq,IRQ,2012,0
Iraq,IRQ,2013,0
Iraq,IRQ,2014,0
Iraq,IRQ,2015,0
Iraq,IRQ,2016,0
Iraq,IRQ,2017,0
Iraq,IRQ,2018,0
Iraq,IRQ,2019,0
Ireland,IRL,1965,0
Ireland,IRL,1966,0
Ireland,IRL,1967,0
Ireland,IRL,1968,0
Ireland,IRL,1969,0
Ireland,IRL,1970,0
Ireland,IRL,1971,0
Ireland,IRL,1972,0
Ireland,IRL,1973,0
Ireland,IRL,1974,0
Ireland,IRL,1975,0
Ireland,IRL,1976,0
Ireland,IRL,1977,0
Ireland,IRL,1978,0
Ireland,IRL,1979,0
Ireland,IRL,1980,0
Ireland,IRL,1981,0
Ireland,IRL,1982,0
Ireland,IRL,1983,0
Ireland,IRL,1984,0
Ireland,IRL,1985,0
Ireland,IRL,1986,0
Ireland,IRL,1987,0
Ireland,IRL,1988,0
Ireland,IRL,1989,0
Ireland,IRL,1990,0
Ireland,IRL,1991,0
Ireland,IRL,1992,0
Ireland,IRL,1993,0
Ireland,IRL,1994,0
Ireland,IRL,1995,0
Ireland,IRL,1996,0
Ireland,IRL,1997,0
Ireland,IRL,1998,0
Ireland,IRL,1999,0
Ireland,IRL,2000,0
Ireland,IRL,2001,0
Ireland,IRL,2002,0
Ireland,IRL,2003,0
Ireland,IRL,2004,0
Ireland,IRL,2005,0
Ireland,IRL,2006,0
Ireland,IRL,2007,0
Ireland,IRL,2008,0
Ireland,IRL,2009,0
Ireland,IRL,2010,0
Ireland,IRL,2011,0
Ireland,IRL,2012,0
Ireland,IRL,2013,0
Ireland,IRL,2014,0
Ireland,IRL,2015,0
Ireland,IRL,2016,0
Ireland,IRL,2017,0
Ireland,IRL,2018,0
Ireland,IRL,2019,0
Israel,ISR,1965,0
Israel,ISR,1966,0
Israel,ISR,1967,0
Israel,ISR,1968,0
Israel,ISR,1969,0
Israel,ISR,1970,0
Israel,ISR,1971,0
Israel,ISR,1972,0
Israel,ISR,1973,0
Israel,ISR,1974,0
Israel,ISR,1975,0
Israel,ISR,1976,0
Israel,ISR,1977,0
Israel,ISR,1978,0
Israel,ISR,1979,0
Israel,ISR,1980,0
Israel,ISR,1981,0
Israel,ISR,1982,0
Israel,ISR,1983,0
Israel,ISR,1984,0
Israel,ISR,1985,0
Israel,ISR,1986,0
Israel,ISR,1987,0
Israel,ISR,1988,0
Israel,ISR,1989,0
Israel,ISR,1990,0
Israel,ISR,1991,0
Israel,ISR,1992,0
Israel,ISR,1993,0
Israel,ISR,1994,0
Israel,ISR,1995,0
Israel,ISR,1996,0
Israel,ISR,1997,0
Israel,ISR,1998,0
Israel,ISR,1999,0
Israel,ISR,2000,0
Israel,ISR,2001,0
Israel,ISR,2002,0
Israel,ISR,2003,0
Israel,ISR,2004,0
Israel,ISR,2005,0
Israel,ISR,2006,0
Israel,ISR,2007,0
Israel,ISR,2008,0
Israel,ISR,2009,0
Israel,ISR,2010,0
Israel,ISR,2011,0
Israel,ISR,2012,0
Israel,ISR,2013,0
Israel,ISR,2014,0
Israel,ISR,2015,0
Israel,ISR,2016,0
Israel,ISR,2017,0
Israel,ISR,2018,0
Israel,ISR,2019,0
Italy,ITA,1965,9.75
Italy,ITA,1966,10.731
Italy,ITA,1967,8.756
Italy,ITA,1968,7.156
Italy,ITA,1969,4.664
Italy,ITA,1970,8.822
Italy,ITA,1971,9.347
Italy,ITA,1972,10.072
Italy,ITA,1973,8.728
Italy,ITA,1974,9.472
Italy,ITA,1975,10.556
Italy,ITA,1976,10.575
Italy,ITA,1977,9.403
Italy,ITA,1978,12.3
Italy,ITA,1979,7.3
Italy,ITA,1980,6.133
Italy,ITA,1981,7.519
Italy,ITA,1982,18.9
Italy,ITA,1983,16.064
Italy,ITA,1984,19.131
Italy,ITA,1985,19.511
Italy,ITA,1986,24.328
Italy,ITA,1987,0.483
Italy,ITA,1988,0
Italy,ITA,1989,0
Italy,ITA,1990,0
Italy,ITA,1991,0
Italy,ITA,1992,0
Italy,ITA,1993,0
Italy,ITA,1994,0
Italy,ITA,1995,0
Italy,ITA,1996,0
Italy,ITA,1997,0
Italy,ITA,1998,0
Italy,ITA,1999,0
Italy,ITA,2000,0
Italy,ITA,2001,0
Italy,ITA,2002,0
Italy,ITA,2003,0
Italy,ITA,2004,0
Italy,ITA,2005,0
Italy,ITA,2006,0
Italy,ITA,2007,0
Italy,ITA,2008,0
Italy,ITA,2009,0
Italy,ITA,2010,0
Italy,ITA,2011,0
Italy,ITA,2012,0
Italy,ITA,2013,0
Italy,ITA,2014,0
Italy,ITA,2015,0
Italy,ITA,2016,0
Italy,ITA,2017,0
Italy,ITA,2018,0
Italy,ITA,2019,0
Japan,JPN,1965,0.069
Japan,JPN,1966,1.622
Japan,JPN,1967,1.747
Japan,JPN,1968,2.9
Japan,JPN,1969,3.006
Japan,JPN,1970,12.725
Japan,JPN,1971,22.25
Japan,JPN,1972,26.333
Japan,JPN,1973,26.964
Japan,JPN,1974,54.719
Japan,JPN,1975,69.792
Japan,JPN,1976,94.664
Japan,JPN,1977,87.942
Japan,JPN,1978,164.758
Japan,JPN,1979,195.536
Japan,JPN,1980,229.42
Japan,JPN,1981,243.945
Japan,JPN,1982,284.528
Japan,JPN,1983,317.475
Japan,JPN,1984,372.956
Japan,JPN,1985,443.273
Japan,JPN,1986,459.361
Japan,JPN,1987,523.903
Japan,JPN,1988,483.047
Japan,JPN,1989,516.151
Japan,JPN,1990,540.476
Japan,JPN,1991,579.705
Japan,JPN,1992,602.876
Japan,JPN,1993,688.056
Japan,JPN,1994,717.356
Japan,JPN,1995,796.912
Japan,JPN,1996,823.615
Japan,JPN,1997,892.103
Japan,JPN,1998,905.484
Japan,JPN,1999,881.209
Japan,JPN,2000,886.45
Japan,JPN,2001,884.602
Japan,JPN,2002,861.677
Japan,JPN,2003,626.815
Japan,JPN,2004,773.841
Japan,JPN,2005,788.236
Japan,JPN,2006,813.356
Japan,JPN,2007,741.117
Japan,JPN,2008,664.543
Japan,JPN,2009,720.534
Japan,JPN,2010,762.275
Japan,JPN,2011,422.22
Japan,JPN,2012,46.342
Japan,JPN,2013,37.387
Japan,JPN,2014,0
Japan,JPN,2015,11.446
Japan,JPN,2016,44.457
Japan,JPN,2017,72.685
Japan,JPN,2018,122.047
Japan,JPN,2019,162.529
Kazakhstan,KAZ,1985,0
Kazakhstan,KAZ,1986,0
Kazakhstan,KAZ,1987,0
Kazakhstan,KAZ,1988,0
Kazakhstan,KAZ,1989,0.282
Kazakhstan,KAZ,1990,0
Kazakhstan,KAZ,1991,1.498
Kazakhstan,KAZ,1992,1.289
Kazakhstan,KAZ,1993,1.24
Kazakhstan,KAZ,1994,1.056
Kazakhstan,KAZ,1995,0.221
Kazakhstan,KAZ,1996,0.246
Kazakhstan,KAZ,1997,0.835
Kazakhstan,KAZ,1998,0.246
Kazakhstan,KAZ,1999,0
Kazakhstan,KAZ,2000,0
Kazakhstan,KAZ,2001,0
Kazakhstan,KAZ,2002,0
Kazakhstan,KAZ,2003,0
Kazakhstan,KAZ,2004,0
Kazakhstan,KAZ,2005,0
Kazakhstan,KAZ,2006,0
Kazakhstan,KAZ,2007,0
Kazakhstan,KAZ,2008,0
Kazakhstan,KAZ,2009,0
Kazakhstan,KAZ,2010,0
Kazakhstan,KAZ,2011,0
Kazakhstan,KAZ,2012,0
Kazakhstan,KAZ,2013,0
Kazakhstan,KAZ,2014,0
Kazakhstan,KAZ,2015,0
Kazakhstan,KAZ,2016,0
Kazakhstan,KAZ,2017,0
Kazakhstan,KAZ,2018,0
Kazakhstan,KAZ,2019,0
Kuwait,KWT,1965,0
Kuwait,KWT,1966,0
Kuwait,KWT,1967,0
Kuwait,KWT,1968,0
Kuwait,KWT,1969,0
Kuwait,KWT,1970,0
Kuwait,KWT,1971,0
Kuwait,KWT,1972,0
Kuwait,KWT,1973,0
Kuwait,KWT,1974,0
Kuwait,KWT,1975,0
Kuwait,KWT,1976,0
Kuwait,KWT,1977,0
Kuwait,KWT,1978,0
Kuwait,KWT,1979,0
Kuwait,KWT,1980,0
Kuwait,KWT,1981,0
Kuwait,KWT,1982,0
Kuwait,KWT,1983,0
Kuwait,KWT,1984,0
Kuwait,KWT,1985,0
Kuwait,KWT,1986,0
Kuwait,KWT,1987,0
Kuwait,KWT,1988,0
Kuwait,KWT,1989,0
Kuwait,KWT,1990,0
Kuwait,KWT,1991,0
Kuwait,KWT,1992,0
Kuwait,KWT,1993,0
Kuwait,KWT,1994,0
Kuwait,KWT,1995,0
Kuwait,KWT,1996,0
Kuwait,KWT,1997,0
Kuwait,KWT,1998,0
Kuwait,KWT,1999,0
Kuwait,KWT,2000,0
Kuwait,KWT,2001,0
Kuwait,KWT,2002,0
Kuwait,KWT,2003,0
Kuwait,KWT,2004,0
Kuwait,KWT,2005,0
Kuwait,KWT,2006,0
Kuwait,KWT,2007,0
Kuwait,KWT,2008,0
Kuwait,KWT,2009,0
Kuwait,KWT,2010,0
Kuwait,KWT,2011,0
Kuwait,KWT,2012,0
Kuwait,KWT,2013,0
Kuwait,KWT,2014,0
Kuwait,KWT,2015,0
Kuwait,KWT,2016,0
Kuwait,KWT,2017,0
Kuwait,KWT,2018,0
Kuwait,KWT,2019,0
Latvia,LVA,1985,0
Latvia,LVA,1986,0
Latvia,LVA,1987,0
Latvia,LVA,1988,0
Latvia,LVA,1989,0
Latvia,LVA,1990,0
Latvia,LVA,1991,0
Latvia,LVA,1992,0
Latvia,LVA,1993,0
Latvia,LVA,1994,0
Latvia,LVA,1995,0
Latvia,LVA,1996,0
Latvia,LVA,1997,0
Latvia,LVA,1998,0
Latvia,LVA,1999,0
Latvia,LVA,2000,0
Latvia,LVA,2001,0
Latvia,LVA,2002,0
Latvia,LVA,2003,0
Latvia,LVA,2004,0
Latvia,LVA,2005,0
Latvia,LVA,2006,0
Latvia,LVA,2007,0
Latvia,LVA,2008,0
Latvia,LVA,2009,0
Latvia,LVA,2010,0
Latvia,LVA,2011,0
Latvia,LVA,2012,0
Latvia,LVA,2013,0
Latvia,LVA,2014,0
Latvia,LVA,2015,0
Latvia,LVA,2016,0
Latvia,LVA,2017,0
Latvia,LVA,2018,0
Latvia,LVA,2019,0
Lithuania,LTU,1985,26.332
Lithuania,LTU,1986,27.449
Lithuania,LTU,1987,25.51
Lithuania,LTU,1988,35.588
Lithuania,LTU,1989,46.256
Lithuania,LTU,1990,47.314
Lithuania,LTU,1991,47.222
Lithuania,LTU,1992,40.661
Lithuania,LTU,1993,34.056
Lithuania,LTU,1994,21.406
Lithuania,LTU,1995,32.839
Lithuania,LTU,1996,38.728
Lithuania,LTU,1997,33.4
Lithuania,LTU,1998,37.65
Lithuania,LTU,1999,27.394
Lithuania,LTU,2000,23.386
Lithuania,LTU,2001,31.356
Lithuania,LTU,2002,38.776
Lithuania,LTU,2003,42.184
Lithuania,LTU,2004,40.88
Lithuania,LTU,2005,27.807
Lithuania,LTU,2006,23.124
Lithuania,LTU,2007,26.119
Lithuania,LTU,2008,26.117
Lithuania,LTU,2009,28.471
Lithuania,LTU,2010,0
Lithuania,LTU,2011,0
Lithuania,LTU,2012,0
Lithuania,LTU,2013,0
Lithuania,LTU,2014,0
Lithuania,LTU,2015,0
Lithuania,LTU,2016,0
Lithuania,LTU,2017,0
Lithuania,LTU,2018,0
Lithuania,LTU,2019,0
Luxembourg,LUX,1965,0
Luxembourg,LUX,1966,0
Luxembourg,LUX,1967,0
Luxembourg,LUX,1968,0
Luxembourg,LUX,1969,0
Luxembourg,LUX,1970,0
Luxembourg,LUX,1971,0
Luxembourg,LUX,1972,0
Luxembourg,LUX,1973,0
Luxembourg,LUX,1974,0
Luxembourg,LUX,1975,0
Luxembourg,LUX,1976,0
Luxembourg,LUX,1977,0
Luxembourg,LUX,1978,0
Luxembourg,LUX,1979,0
Luxembourg,LUX,1980,0
Luxembourg,LUX,1981,0
Luxembourg,LUX,1982,0
Luxembourg,LUX,1983,0
Luxembourg,LUX,1984,0
Luxembourg,LUX,1985,0
Luxembourg,LUX,1986,0
Luxembourg,LUX,1987,0
Luxembourg,LUX,1988,0
Luxembourg,LUX,1989,0
Luxembourg,LUX,1990,0
Luxembourg,LUX,1991,0
Luxembourg,LUX,1992,0
Luxembourg,LUX,1993,0
Luxembourg,LUX,1994,0
Luxembourg,LUX,1995,0
Luxembourg,LUX,1996,0
Luxembourg,LUX,1997,0
Luxembourg,LUX,1998,0
Luxembourg,LUX,1999,0
Luxembourg,LUX,2000,0
Luxembourg,LUX,2001,0
Luxembourg,LUX,2002,0
Luxembourg,LUX,2003,0
Luxembourg,LUX,2004,0
Luxembourg,LUX,2005,0
Luxembourg,LUX,2006,0
Luxembourg,LUX,2007,0
Luxembourg,LUX,2008,0
Luxembourg,LUX,2009,0
Luxembourg,LUX,2010,0
Luxembourg,LUX,2011,0
Luxembourg,LUX,2012,0
Luxembourg,LUX,2013,0
Luxembourg,LUX,2014,0
Luxembourg,LUX,2015,0
Luxembourg,LUX,2016,0
Luxembourg,LUX,2017,0
Luxembourg,LUX,2018,0
Luxembourg,LUX,2019,0
Malaysia,MYS,1965,0
Malaysia,MYS,1966,0
Malaysia,MYS,1967,0
Malaysia,MYS,1968,0
Malaysia,MYS,1969,0
Malaysia,MYS,1970,0
Malaysia,MYS,1971,0
Malaysia,MYS,1972,0
Malaysia,MYS,1973,0
Malaysia,MYS,1974,0
Malaysia,MYS,1975,0
Malaysia,MYS,1976,0
Malaysia,MYS,1977,0
Malaysia,MYS,1978,0
Malaysia,MYS,1979,0
Malaysia,MYS,1980,0
Malaysia,MYS,1981,0
Malaysia,MYS,1982,0
Malaysia,MYS,1983,0
Malaysia,MYS,1984,0
Malaysia,MYS,1985,0
Malaysia,MYS,1986,0
Malaysia,MYS,1987,0
Malaysia,MYS,1988,0
Malaysia,MYS,1989,0
Malaysia,MYS,1990,0
Malaysia,MYS,1991,0
Malaysia,MYS,1992,0
Malaysia,MYS,1993,0
Malaysia,MYS,1994,0
Malaysia,MYS,1995,0
Malaysia,MYS,1996,0
Malaysia,MYS,1997,0
Malaysia,MYS,1998,0
Malaysia,MYS,1999,0
Malaysia,MYS,2000,0
Malaysia,MYS,2001,0
Malaysia,MYS,2002,0
Malaysia,MYS,2003,0
Malaysia,MYS,2004,0
Malaysia,MYS,2005,0
Malaysia,MYS,2006,0
Malaysia,MYS,2007,0
Malaysia,MYS,2008,0
Malaysia,MYS,2009,0
Malaysia,MYS,2010,0
Malaysia,MYS,2011,0
Malaysia,MYS,2012,0
Malaysia,MYS,2013,0
Malaysia,MYS,2014,0
Malaysia,MYS,2015,0
Malaysia,MYS,2016,0
Malaysia,MYS,2017,0
Malaysia,MYS,2018,0
Malaysia,MYS,2019,0
Mexico,MEX,1965,0
Mexico,MEX,1966,0
Mexico,MEX,1967,0
Mexico,MEX,1968,0
Mexico,MEX,1969,0
Mexico,MEX,1970,0
Mexico,MEX,1971,0
Mexico,MEX,1972,0
Mexico,MEX,1973,0
Mexico,MEX,1974,0
Mexico,MEX,1975,0
Mexico,MEX,1976,0
Mexico,MEX,1977,0
Mexico,MEX,1978,0
Mexico,MEX,1979,0
Mexico,MEX,1980,0
Mexico,MEX,1981,0
Mexico,MEX,1982,0
Mexico,MEX,1983,0
Mexico,MEX,1984,0
Mexico,MEX,1985,0
Mexico,MEX,1986,0
Mexico,MEX,1987,0
Mexico,MEX,1988,0
Mexico,MEX,1989,1.033
Mexico,MEX,1990,8.158
Mexico,MEX,1991,11.783
Mexico,MEX,1992,10.886
Mexico,MEX,1993,13.697
Mexico,MEX,1994,11.775
Mexico,MEX,1995,23.453
Mexico,MEX,1996,21.883
Mexico,MEX,1997,29.044
Mexico,MEX,1998,25.736
Mexico,MEX,1999,27.783
Mexico,MEX,2000,22.836
Mexico,MEX,2001,24.082
Mexico,MEX,2002,26.725
Mexico,MEX,2003,28.61
Mexico,MEX,2004,24.888
Mexico,MEX,2005,29.064
Mexico,MEX,2006,29.045
Mexico,MEX,2007,27.68
Mexico,MEX,2008,25.88
Mexico,MEX,2009,27.549
Mexico,MEX,2010,15.329
Mexico,MEX,2011,26.146
Mexico,MEX,2012,22.588
Mexico,MEX,2013,30.211
Mexico,MEX,2014,24.628
Mexico,MEX,2015,29.287
Mexico,MEX,2016,26.574
Mexico,MEX,2017,27.207
Mexico,MEX,2018,33.925
Mexico,MEX,2019,27.86
Morocco,MAR,1965,0
Morocco,MAR,1966,0
Morocco,MAR,1967,0
Morocco,MAR,1968,0
Morocco,MAR,1969,0
Morocco,MAR,1970,0
Morocco,MAR,1971,0
Morocco,MAR,1972,0
Morocco,MAR,1973,0
Morocco,MAR,1974,0
Morocco,MAR,1975,0
Morocco,MAR,1976,0
Morocco,MAR,1977,0
Morocco,MAR,1978,0
Morocco,MAR,1979,0
Morocco,MAR,1980,0
Morocco,MAR,1981,0
Morocco,MAR,1982,0
Morocco,MAR,1983,0
Morocco,MAR,1984,0
Morocco,MAR,1985,0
Morocco,MAR,1986,0
Morocco,MAR,1987,0
Morocco,MAR,1988,0
Morocco,MAR,1989,0
Morocco,MAR,1990,0
Morocco,MAR,1991,0
Morocco,MAR,1992,0
Morocco,MAR,1993,0
Morocco,MAR,1994,0
Morocco,MAR,1995,0
Morocco,MAR,1996,0
Morocco,MAR,1997,0
Morocco,MAR,1998,0
Morocco,MAR,1999,0
Morocco,MAR,2000,0
Morocco,MAR,2001,0
Morocco,MAR,2002,0
Morocco,MAR,2003,0
Morocco,MAR,2004,0
Morocco,MAR,2005,0
Morocco,MAR,2006,0
Morocco,MAR,2007,0
Morocco,MAR,2008,0
Morocco,MAR,2009,0
Morocco,MAR,2010,0
Morocco,MAR,2011,0
Morocco,MAR,2012,0
Morocco,MAR,2013,0
Morocco,MAR,2014,0
Morocco,MAR,2015,0
Morocco,MAR,2016,0
Morocco,MAR,2017,0
Morocco,MAR,2018,0
Morocco,MAR,2019,0
Netherlands,NLD,1965,0
Netherlands,NLD,1966,0
Netherlands,NLD,1967,0
Netherlands,NLD,1968,0.078
Netherlands,NLD,1969,0.875
Netherlands,NLD,1970,1.022
Netherlands,NLD,1971,1.125
Netherlands,NLD,1972,0.906
Netherlands,NLD,1973,3.078
Netherlands,NLD,1974,9.103
Netherlands,NLD,1975,9.264
Netherlands,NLD,1976,10.756
Netherlands,NLD,1977,10.306
Netherlands,NLD,1978,11.278
Netherlands,NLD,1979,9.692
Netherlands,NLD,1980,11.667
Netherlands,NLD,1981,10.161
Netherlands,NLD,1982,10.825
Netherlands,NLD,1983,9.969
Netherlands,NLD,1984,10.308
Netherlands,NLD,1985,10.831
Netherlands,NLD,1986,11.711
Netherlands,NLD,1987,9.878
Netherlands,NLD,1988,10.208
Netherlands,NLD,1989,11.164
Netherlands,NLD,1990,9.728
Netherlands,NLD,1991,9.247
Netherlands,NLD,1992,10.556
Netherlands,NLD,1993,10.967
Netherlands,NLD,1994,11.019
Netherlands,NLD,1995,11.161
Netherlands,NLD,1996,11.556
Netherlands,NLD,1997,6.689
Netherlands,NLD,1998,10.581
Netherlands,NLD,1999,10.634
Netherlands,NLD,2000,10.887
Netherlands,NLD,2001,10.963
Netherlands,NLD,2002,10.731
Netherlands,NLD,2003,10.946
Netherlands,NLD,2004,10.346
Netherlands,NLD,2005,10.753
Netherlands,NLD,2006,9.274
Netherlands,NLD,2007,11.157
Netherlands,NLD,2008,11.005
Netherlands,NLD,2009,11.145
Netherlands,NLD,2010,10.349
Netherlands,NLD,2011,10.731
Netherlands,NLD,2012,10.083
Netherlands,NLD,2013,7.401
Netherlands,NLD,2014,10.412
Netherlands,NLD,2015,10.316
Netherlands,NLD,2016,9.959
Netherlands,NLD,2017,8.506
Netherlands,NLD,2018,8.736
Netherlands,NLD,2019,9.681
New Zealand,NZL,1965,0
New Zealand,NZL,1966,0
New Zealand,NZL,1967,0
New Zealand,NZL,1968,0
New Zealand,NZL,1969,0
New Zealand,NZL,1970,0
New Zealand,NZL,1971,0
New Zealand,NZL,1972,0
New Zealand,NZL,1973,0
New Zealand,NZL,1974,0
New Zealand,NZL,1975,0
New Zealand,NZL,1976,0
New Zealand,NZL,1977,0
New Zealand,NZL,1978,0
New Zealand,NZL,1979,0
New Zealand,NZL,1980,0
New Zealand,NZL,1981,0
New Zealand,NZL,1982,0
New Zealand,NZL,1983,0
New Zealand,NZL,1984,0
New Zealand,NZL,1985,0
New Zealand,NZL,1986,0
New Zealand,NZL,1987,0
New Zealand,NZL,1988,0
New Zealand,NZL,1989,0
New Zealand,NZL,1990,0
New Zealand,NZL,1991,0
New Zealand,NZL,1992,0
New Zealand,NZL,1993,0
New Zealand,NZL,1994,0
New Zealand,NZL,1995,0
New Zealand,NZL,1996,0
New Zealand,NZL,1997,0
New Zealand,NZL,1998,0
New Zealand,NZL,1999,0
New Zealand,NZL,2000,0
New Zealand,NZL,2001,0
New Zealand,NZL,2002,0
New Zealand,NZL,2003,0
New Zealand,NZL,2004,0
New Zealand,NZL,2005,0
New Zealand,NZL,2006,0
New Zealand,NZL,2007,0
New Zealand,NZL,2008,0
New Zealand,NZL,2009,0
New Zealand,NZL,2010,0
New Zealand,NZL,2011,0
New Zealand,NZL,2012,0
New Zealand,NZL,2013,0
New Zealand,NZL,2014,0
New Zealand,NZL,2015,0
New Zealand,NZL,2016,0
New Zealand,NZL,2017,0
New Zealand,NZL,2018,0
New Zealand,NZL,2019,0
North America,,1965,11.048
North America,,1966,16.618
North America,,1967,22.809
North America,,1968,39.183
North America,,1969,42.194
North America,,1970,66.636
North America,,1971,123.27
North America,,1972,178.192
North America,,1973,286.464
North America,,1974,374.085
North America,,1975,539.318
North America,,1976,607.161
North America,,1977,806.75
North America,,1978,894.869
North America,,1979,844.042
North America,,1980,839.901
North America,,1981,908.589
North America,,1982,933.315
North America,,1983,993.734
North America,,1984,1103.021
North America,,1985,1290.018
North America,,1986,1408.603
North America,,1987,1545.815
North America,,1988,1771.044
North America,,1989,1769.18
North America,,1990,1896.168
North America,,1991,2037.186
North America,,1992,2042.459
North America,,1993,2057.299
North America,,1994,2181.864
North America,,1995,2262.367
North America,,1996,2250.67
North America,,1997,2094.839
North America,,1998,2192.829
North America,,1999,2359.905
North America,,2000,2428.019
North America,,2001,2467.704
North America,,2002,2483.83
North America,,2003,2421.418
North America,,2004,2514.761
North America,,2005,2489.072
North America,,2006,2504.029
North America,,2007,2529.1
North America,,2008,2517.789
North America,,2009,2468.322
North America,,2010,2464.865
North America,,2011,2422.557
North America,,2012,2351.139
North America,,2013,2419.593
North America,,2014,2431.241
North America,,2015,2407.861
North America,,2016,2412.668
North America,,2017,2396.984
North America,,2018,2394.028
North America,,2019,2386.448
North Macedonia,MKD,1990,0
North Macedonia,MKD,1991,0
North Macedonia,MKD,1992,0
North Macedonia,MKD,1993,0
North Macedonia,MKD,1994,0
North Macedonia,MKD,1995,0
North Macedonia,MKD,1996,0
North Macedonia,MKD,1997,0
North Macedonia,MKD,1998,0
North Macedonia,MKD,1999,0
North Macedonia,MKD,2000,0
North Macedonia,MKD,2001,0
North Macedonia,MKD,2002,0
North Macedonia,MKD,2003,0
North Macedonia,MKD,2004,0
North Macedonia,MKD,2005,0
North Macedonia,MKD,2006,0
North Macedonia,MKD,2007,0
North Macedonia,MKD,2008,0
North Macedonia,MKD,2009,0
North Macedonia,MKD,2010,0
North Macedonia,MKD,2011,0
North Macedonia,MKD,2012,0
North Macedonia,MKD,2013,0
North Macedonia,MKD,2014,0
North Macedonia,MKD,2015,0
North Macedonia,MKD,2016,0
North Macedonia,MKD,2017,0
North Macedonia,MKD,2018,0
North Macedonia,MKD,2019,0
Norway,NOR,1965,0
Norway,NOR,1966,0
Norway,NOR,1967,0
Norway,NOR,1968,0
Norway,NOR,1969,0
Norway,NOR,1970,0
Norway,NOR,1971,0
Norway,NOR,1972,0
Norway,NOR,1973,0
Norway,NOR,1974,0
Norway,NOR,1975,0
Norway,NOR,1976,0
Norway,NOR,1977,0
Norway,NOR,1978,0
Norway,NOR,1979,0
Norway,NOR,1980,0
Norway,NOR,1981,0
Norway,NOR,1982,0
Norway,NOR,1983,0
Norway,NOR,1984,0
Norway,NOR,1985,0
Norway,NOR,1986,0
Norway,NOR,1987,0
Norway,NOR,1988,0
Norway,NOR,1989,0
Norway,NOR,1990,0
Norway,NOR,1991,0
Norway,NOR,1992,0
Norway,NOR,1993,0
Norway,NOR,1994,0
Norway,NOR,1995,0
Norway,NOR,1996,0
Norway,NOR,1997,0
Norway,NOR,1998,0
Norway,NOR,1999,0
Norway,NOR,2000,0
Norway,NOR,2001,0
Norway,NOR,2002,0
Norway,NOR,2003,0
Norway,NOR,2004,0
Norway,NOR,2005,0
Norway,NOR,2006,0
Norway,NOR,2007,0
Norway,NOR,2008,0
Norway,NOR,2009,0
Norway,NOR,2010,0
Norway,NOR,2011,0
Norway,NOR,2012,0
Norway,NOR,2013,0
Norway,NOR,2014,0
Norway,NOR,2015,0
Norway,NOR,2016,0
Norway,NOR,2017,0
Norway,NOR,2018,0
Norway,NOR,2019,0
Oman,OMN,1965,0
Oman,OMN,1966,0
Oman,OMN,1967,0
Oman,OMN,1968,0
Oman,OMN,1969,0
Oman,OMN,1970,0
Oman,OMN,1971,0
Oman,OMN,1972,0
Oman,OMN,1973,0
Oman,OMN,1974,0
Oman,OMN,1975,0
Oman,OMN,1976,0
Oman,OMN,1977,0
Oman,OMN,1978,0
Oman,OMN,1979,0
Oman,OMN,1980,0
Oman,OMN,1981,0
Oman,OMN,1982,0
Oman,OMN,1983,0
Oman,OMN,1984,0
Oman,OMN,1985,0
Oman,OMN,1986,0
Oman,OMN,1987,0
Oman,OMN,1988,0
Oman,OMN,1989,0
Oman,OMN,1990,0
Oman,OMN,1991,0
Oman,OMN,1992,0
Oman,OMN,1993,0
Oman,OMN,1994,0
Oman,OMN,1995,0
Oman,OMN,1996,0
Oman,OMN,1997,0
Oman,OMN,1998,0
Oman,OMN,1999,0
Oman,OMN,2000,0
Oman,OMN,2001,0
Oman,OMN,2002,0
Oman,OMN,2003,0
Oman,OMN,2004,0
Oman,OMN,2005,0
Oman,OMN,2006,0
Oman,OMN,2007,0
Oman,OMN,2008,0
Oman,OMN,2009,0
Oman,OMN,2010,0
Oman,OMN,2011,0
Oman,OMN,2012,0
Oman,OMN,2013,0
Oman,OMN,2014,0
Oman,OMN,2015,0
Oman,OMN,2016,0
Oman,OMN,2017,0
Oman,OMN,2018,0
Oman,OMN,2019,0
Pakistan,PAK,1965,0
Pakistan,PAK,1966,0
Pakistan,PAK,1967,0
Pakistan,PAK,1968,0
Pakistan,PAK,1969,0
Pakistan,PAK,1970,0
Pakistan,PAK,1971,0.135
Pakistan,PAK,1972,0.565
Pakistan,PAK,1973,1.056
Pakistan,PAK,1974,1.473
Pakistan,PAK,1975,1.694
Pakistan,PAK,1976,1.436
Pakistan,PAK,1977,0.908
Pakistan,PAK,1978,0.466
Pakistan,PAK,1979,0.147
Pakistan,PAK,1980,0.221
Pakistan,PAK,1981,0.466
Pakistan,PAK,1982,0.565
Pakistan,PAK,1983,0.761
Pakistan,PAK,1984,0.921
Pakistan,PAK,1985,1.08
Pakistan,PAK,1986,1.461
Pakistan,PAK,1987,0.847
Pakistan,PAK,1988,0.54
Pakistan,PAK,1989,0.331
Pakistan,PAK,1990,1.166
Pakistan,PAK,1991,1.166
Pakistan,PAK,1992,1.535
Pakistan,PAK,1993,1.129
Pakistan,PAK,1994,1.633
Pakistan,PAK,1995,1.449
Pakistan,PAK,1996,0.908
Pakistan,PAK,1997,1.252
Pakistan,PAK,1998,1.093
Pakistan,PAK,1999,0.221
Pakistan,PAK,2000,2.627
Pakistan,PAK,2001,5.757
Pakistan,PAK,2002,5.199
Pakistan,PAK,2003,5.189
Pakistan,PAK,2004,6.537
Pakistan,PAK,2005,6.827
Pakistan,PAK,2006,6.771
Pakistan,PAK,2007,6.157
Pakistan,PAK,2008,4.611
Pakistan,PAK,2009,6.674
Pakistan,PAK,2010,6.628
Pakistan,PAK,2011,10.214
Pakistan,PAK,2012,6.994
Pakistan,PAK,2013,18.086
Pakistan,PAK,2014,11.083
Pakistan,PAK,2015,11.193
Pakistan,PAK,2016,13.589
Pakistan,PAK,2017,19.689
Pakistan,PAK,2018,24.349
Pakistan,PAK,2019,23.573
Peru,PER,1965,0
Peru,PER,1966,0
Peru,PER,1967,0
Peru,PER,1968,0
Peru,PER,1969,0
Peru,PER,1970,0
Peru,PER,1971,0
Peru,PER,1972,0
Peru,PER,1973,0
Peru,PER,1974,0
Peru,PER,1975,0
Peru,PER,1976,0
Peru,PER,1977,0
Peru,PER,1978,0
Peru,PER,1979,0
Peru,PER,1980,0
Peru,PER,1981,0
Peru,PER,1982,0
Peru,PER,1983,0
Peru,PER,1984,0
Peru,PER,1985,0
Peru,PER,1986,0
Peru,PER,1987,0
Peru,PER,1988,0
Peru,PER,1989,0
Peru,PER,1990,0
Peru,PER,1991,0
Peru,PER,1992,0
Peru,PER,1993,0
Peru,PER,1994,0
Peru,PER,1995,0
Peru,PER,1996,0
Peru,PER,1997,0
Peru,PER,1998,0
Peru,PER,1999,0
Peru,PER,2000,0
Peru,PER,2001,0
Peru,PER,2002,0
Peru,PER,2003,0
Peru,PER,2004,0
Peru,PER,2005,0
Peru,PER,2006,0
Peru,PER,2007,0
Peru,PER,2008,0
Peru,PER,2009,0
Peru,PER,2010,0
Peru,PER,2011,0
Peru,PER,2012,0
Peru,PER,2013,0
Peru,PER,2014,0
Peru,PER,2015,0
Peru,PER,2016,0
Peru,PER,2017,0
Peru,PER,2018,0
Peru,PER,2019,0
Philippines,PHL,1965,0
Philippines,PHL,1966,0
Philippines,PHL,1967,0
Philippines,PHL,1968,0
Philippines,PHL,1969,0
Philippines,PHL,1970,0
Philippines,PHL,1971,0
Philippines,PHL,1972,0
Philippines,PHL,1973,0
Philippines,PHL,1974,0
Philippines,PHL,1975,0
Philippines,PHL,1976,0
Philippines,PHL,1977,0
Philippines,PHL,1978,0
Philippines,PHL,1979,0
Philippines,PHL,1980,0
Philippines,PHL,1981,0
Philippines,PHL,1982,0
Philippines,PHL,1983,0
Philippines,PHL,1984,0
Philippines,PHL,1985,0
Philippines,PHL,1986,0
Philippines,PHL,1987,0
Philippines,PHL,1988,0
Philippines,PHL,1989,0
Philippines,PHL,1990,0
Philippines,PHL,1991,0
Philippines,PHL,1992,0
Philippines,PHL,1993,0
Philippines,PHL,1994,0
Philippines,PHL,1995,0
Philippines,PHL,1996,0
Philippines,PHL,1997,0
Philippines,PHL,1998,0
Philippines,PHL,1999,0
Philippines,PHL,2000,0
Philippines,PHL,2001,0
Philippines,PHL,2002,0
Philippines,PHL,2003,0
Philippines,PHL,2004,0
Philippines,PHL,2005,0
Philippines,PHL,2006,0
Philippines,PHL,2007,0
Philippines,PHL,2008,0
Philippines,PHL,2009,0
Philippines,PHL,2010,0
Philippines,PHL,2011,0
Philippines,PHL,2012,0
Philippines,PHL,2013,0
Philippines,PHL,2014,0
Philippines,PHL,2015,0
Philippines,PHL,2016,0
Philippines,PHL,2017,0
Philippines,PHL,2018,0
Philippines,PHL,2019,0
Poland,POL,1965,0
Poland,POL,1966,0
Poland,POL,1967,0
Poland,POL,1968,0
Poland,POL,1969,0
Poland,POL,1970,0
Poland,POL,1971,0
Poland,POL,1972,0
Poland,POL,1973,0
Poland,POL,1974,0
Poland,POL,1975,0
Poland,POL,1976,0
Poland,POL,1977,0
Poland,POL,1978,0
Poland,POL,1979,0
Poland,POL,1980,0
Poland,POL,1981,0
Poland,POL,1982,0
Poland,POL,1983,0
Poland,POL,1984,0
Poland,POL,1985,0
Poland,POL,1986,0
Poland,POL,1987,0
Poland,POL,1988,0
Poland,POL,1989,0
Poland,POL,1990,0
Poland,POL,1991,0
Poland,POL,1992,0
Poland,POL,1993,0
Poland,POL,1994,0
Poland,POL,1995,0
Poland,POL,1996,0
Poland,POL,1997,0
Poland,POL,1998,0
Poland,POL,1999,0
Poland,POL,2000,0
Poland,POL,2001,0
Poland,POL,2002,0
Poland,POL,2003,0
Poland,POL,2004,0
Poland,POL,2005,0
Poland,POL,2006,0
Poland,POL,2007,0
Poland,POL,2008,0
Poland,POL,2009,0
Poland,POL,2010,0
Poland,POL,2011,0
Poland,POL,2012,0
Poland,POL,2013,0
Poland,POL,2014,0
Poland,POL,2015,0
Poland,POL,2016,0
Poland,POL,2017,0
Poland,POL,2018,0
Poland,POL,2019,0
Portugal,PRT,1965,0
Portugal,PRT,1966,0
Portugal,PRT,1967,0
Portugal,PRT,1968,0
Portugal,PRT,1969,0
Portugal,PRT,1970,0
Portugal,PRT,1971,0
Portugal,PRT,1972,0
Portugal,PRT,1973,0
Portugal,PRT,1974,0
Portugal,PRT,1975,0
Portugal,PRT,1976,0
Portugal,PRT,1977,0
Portugal,PRT,1978,0
Portugal,PRT,1979,0
Portugal,PRT,1980,0
Portugal,PRT,1981,0
Portugal,PRT,1982,0
Portugal,PRT,1983,0
Portugal,PRT,1984,0
Portugal,PRT,1985,0
Portugal,PRT,1986,0
Portugal,PRT,1987,0
Portugal,PRT,1988,0
Portugal,PRT,1989,0
Portugal,PRT,1990,0
Portugal,PRT,1991,0
Portugal,PRT,1992,0
Portugal,PRT,1993,0
Portugal,PRT,1994,0
Portugal,PRT,1995,0
Portugal,PRT,1996,0
Portugal,PRT,1997,0
Portugal,PRT,1998,0
Portugal,PRT,1999,0
Portugal,PRT,2000,0
Portugal,PRT,2001,0
Portugal,PRT,2002,0
Portugal,PRT,2003,0
Portugal,PRT,2004,0
Portugal,PRT,2005,0
Portugal,PRT,2006,0
Portugal,PRT,2007,0
Portugal,PRT,2008,0
Portugal,PRT,2009,0
Portugal,PRT,2010,0
Portugal,PRT,2011,0
Portugal,PRT,2012,0
Portugal,PRT,2013,0
Portugal,PRT,2014,0
Portugal,PRT,2015,0
Portugal,PRT,2016,0
Portugal,PRT,2017,0
Portugal,PRT,2018,0
Portugal,PRT,2019,0
Qatar,QAT,1965,0
Qatar,QAT,1966,0
Qatar,QAT,1967,0
Qatar,QAT,1968,0
Qatar,QAT,1969,0
Qatar,QAT,1970,0
Qatar,QAT,1971,0
Qatar,QAT,1972,0
Qatar,QAT,1973,0
Qatar,QAT,1974,0
Qatar,QAT,1975,0
Qatar,QAT,1976,0
Qatar,QAT,1977,0
Qatar,QAT,1978,0
Qatar,QAT,1979,0
Qatar,QAT,1980,0
Qatar,QAT,1981,0
Qatar,QAT,1982,0
Qatar,QAT,1983,0
Qatar,QAT,1984,0
Qatar,QAT,1985,0
Qatar,QAT,1986,0
Qatar,QAT,1987,0
Qatar,QAT,1988,0
Qatar,QAT,1989,0
Qatar,QAT,1990,0
Qatar,QAT,1991,0
Qatar,QAT,1992,0
Qatar,QAT,1993,0
Qatar,QAT,1994,0
Qatar,QAT,1995,0
Qatar,QAT,1996,0
Qatar,QAT,1997,0
Qatar,QAT,1998,0
Qatar,QAT,1999,0
Qatar,QAT,2000,0
Qatar,QAT,2001,0
Qatar,QAT,2002,0
Qatar,QAT,2003,0
Qatar,QAT,2004,0
Qatar,QAT,2005,0
Qatar,QAT,2006,0
Qatar,QAT,2007,0
Qatar,QAT,2008,0
Qatar,QAT,2009,0
Qatar,QAT,2010,0
Qatar,QAT,2011,0
Qatar,QAT,2012,0
Qatar,QAT,2013,0
Qatar,QAT,2014,0
Qatar,QAT,2015,0
Qatar,QAT,2016,0
Qatar,QAT,2017,0
Qatar,QAT,2018,0
Qatar,QAT,2019,0
Romania,ROU,1965,0
Romania,ROU,1966,0
Romania,ROU,1967,0
Romania,ROU,1968,0
Romania,ROU,1969,0
Romania,ROU,1970,0
Romania,ROU,1971,0
Romania,ROU,1972,0
Romania,ROU,1973,0
Romania,ROU,1974,0
Romania,ROU,1975,0
Romania,ROU,1976,0
Romania,ROU,1977,0
Romania,ROU,1978,0
Romania,ROU,1979,0
Romania,ROU,1980,0
Romania,ROU,1981,0
Romania,ROU,1982,0
Romania,ROU,1983,0
Romania,ROU,1984,0
Romania,ROU,1985,0
Romania,ROU,1986,0
Romania,ROU,1987,0
Romania,ROU,1988,0
Romania,ROU,1989,0
Romania,ROU,1990,0
Romania,ROU,1991,0
Romania,ROU,1992,0
Romania,ROU,1993,0
Romania,ROU,1994,0
Romania,ROU,1995,0
Romania,ROU,1996,3.85
Romania,ROU,1997,15
Romania,ROU,1998,14.742
Romania,ROU,1999,14.439
Romania,ROU,2000,15.156
Romania,ROU,2001,15.03
Romania,ROU,2002,15.116
Romania,ROU,2003,13.366
Romania,ROU,2004,15.018
Romania,ROU,2005,14.942
Romania,ROU,2006,15.054
Romania,ROU,2007,20.477
Romania,ROU,2008,29.634
Romania,ROU,2009,30.831
Romania,ROU,2010,30.305
Romania,ROU,2011,30.442
Romania,ROU,2012,29.534
Romania,ROU,2013,29.746
Romania,ROU,2014,29.713
Romania,ROU,2015,29.446
Romania,ROU,2016,28.382
Romania,ROU,2017,28.773
Romania,ROU,2018,28.276
Romania,ROU,2019,27.932
Russia,RUS,1985,275.881
Russia,RUS,1986,292.282
Russia,RUS,1987,346.395
Russia,RUS,1988,374.483
Russia,RUS,1989,378.718
Russia,RUS,1990,328.681
Russia,RUS,1991,333.289
Russia,RUS,1992,332.295
Russia,RUS,1993,331.072
Russia,RUS,1994,271.722
Russia,RUS,1995,276.478
Russia,RUS,1996,302.85
Russia,RUS,1997,301.384
Russia,RUS,1998,288.109
Russia,RUS,1999,338.539
Russia,RUS,2000,363.098
Russia,RUS,2001,377.905
Russia,RUS,2002,388.338
Russia,RUS,2003,409.586
Russia,RUS,2004,391.723
Russia,RUS,2005,401.991
Russia,RUS,2006,418.147
Russia,RUS,2007,425.153
Russia,RUS,2008,430.501
Russia,RUS,2009,429.152
Russia,RUS,2010,444.333
Russia,RUS,2011,448.171
Russia,RUS,2012,457.285
Russia,RUS,2013,441.663
Russia,RUS,2014,460.012
Russia,RUS,2015,494.493
Russia,RUS,2016,494.445
Russia,RUS,2017,507.853
Russia,RUS,2018,508.462
Russia,RUS,2019,517.494
Saudi Arabia,SAU,1965,0
Saudi Arabia,SAU,1966,0
Saudi Arabia,SAU,1967,0
Saudi Arabia,SAU,1968,0
Saudi Arabia,SAU,1969,0
Saudi Arabia,SAU,1970,0
Saudi Arabia,SAU,1971,0
Saudi Arabia,SAU,1972,0
Saudi Arabia,SAU,1973,0
Saudi Arabia,SAU,1974,0
Saudi Arabia,SAU,1975,0
Saudi Arabia,SAU,1976,0
Saudi Arabia,SAU,1977,0
Saudi Arabia,SAU,1978,0
Saudi Arabia,SAU,1979,0
Saudi Arabia,SAU,1980,0
Saudi Arabia,SAU,1981,0
Saudi Arabia,SAU,1982,0
Saudi Arabia,SAU,1983,0
Saudi Arabia,SAU,1984,0
Saudi Arabia,SAU,1985,0
Saudi Arabia,SAU,1986,0
Saudi Arabia,SAU,1987,0
Saudi Arabia,SAU,1988,0
Saudi Arabia,SAU,1989,0
Saudi Arabia,SAU,1990,0
Saudi Arabia,SAU,1991,0
Saudi Arabia,SAU,1992,0
Saudi Arabia,SAU,1993,0
Saudi Arabia,SAU,1994,0
Saudi Arabia,SAU,1995,0
Saudi Arabia,SAU,1996,0
Saudi Arabia,SAU,1997,0
Saudi Arabia,SAU,1998,0
Saudi Arabia,SAU,1999,0
Saudi Arabia,SAU,2000,0
Saudi Arabia,SAU,2001,0
Saudi Arabia,SAU,2002,0
Saudi Arabia,SAU,2003,0
Saudi Arabia,SAU,2004,0
Saudi Arabia,SAU,2005,0
Saudi Arabia,SAU,2006,0
Saudi Arabia,SAU,2007,0
Saudi Arabia,SAU,2008,0
Saudi Arabia,SAU,2009,0
Saudi Arabia,SAU,2010,0
Saudi Arabia,SAU,2011,0
Saudi Arabia,SAU,2012,0
Saudi Arabia,SAU,2013,0
Saudi Arabia,SAU,2014,0
Saudi Arabia,SAU,2015,0
Saudi Arabia,SAU,2016,0
Saudi Arabia,SAU,2017,0
Saudi Arabia,SAU,2018,0
Saudi Arabia,SAU,2019,0
Singapore,SGP,1965,0
Singapore,SGP,1966,0
Singapore,SGP,1967,0
Singapore,SGP,1968,0
Singapore,SGP,1969,0
Singapore,SGP,1970,0
Singapore,SGP,1971,0
Singapore,SGP,1972,0
Singapore,SGP,1973,0
Singapore,SGP,1974,0
Singapore,SGP,1975,0
Singapore,SGP,1976,0
Singapore,SGP,1977,0
Singapore,SGP,1978,0
Singapore,SGP,1979,0
Singapore,SGP,1980,0
Singapore,SGP,1981,0
Singapore,SGP,1982,0
Singapore,SGP,1983,0
Singapore,SGP,1984,0
Singapore,SGP,1985,0
Singapore,SGP,1986,0
Singapore,SGP,1987,0
Singapore,SGP,1988,0
Singapore,SGP,1989,0
Singapore,SGP,1990,0
Singapore,SGP,1991,0
Singapore,SGP,1992,0
Singapore,SGP,1993,0
Singapore,SGP,1994,0
Singapore,SGP,1995,0
Singapore,SGP,1996,0
Singapore,SGP,1997,0
Singapore,SGP,1998,0
Singapore,SGP,1999,0
Singapore,SGP,2000,0
Singapore,SGP,2001,0
Singapore,SGP,2002,0
Singapore,SGP,2003,0
Singapore,SGP,2004,0
Singapore,SGP,2005,0
Singapore,SGP,2006,0
Singapore,SGP,2007,0
Singapore,SGP,2008,0
Singapore,SGP,2009,0
Singapore,SGP,2010,0
Singapore,SGP,2011,0
Singapore,SGP,2012,0
Singapore,SGP,2013,0
Singapore,SGP,2014,0
Singapore,SGP,2015,0
Singapore,SGP,2016,0
Singapore,SGP,2017,0
Singapore,SGP,2018,0
Singapore,SGP,2019,0
Slovakia,SVK,1965,0
Slovakia,SVK,1966,0
Slovakia,SVK,1967,0
Slovakia,SVK,1968,0
Slovakia,SVK,1969,0
Slovakia,SVK,1970,0
Slovakia,SVK,1971,0
Slovakia,SVK,1972,0.008
Slovakia,SVK,1973,0.644
Slovakia,SVK,1974,1.35
Slovakia,SVK,1975,0.519
Slovakia,SVK,1976,1.228
Slovakia,SVK,1977,0.317
Slovakia,SVK,1978,0.053
Slovakia,SVK,1979,5.964
Slovakia,SVK,1980,12.564
Slovakia,SVK,1981,14.258
Slovakia,SVK,1982,16.222
Slovakia,SVK,1983,17.083
Slovakia,SVK,1984,20.108
Slovakia,SVK,1985,26.061
Slovakia,SVK,1986,32.544
Slovakia,SVK,1987,31.981
Slovakia,SVK,1988,31.872
Slovakia,SVK,1989,33.769
Slovakia,SVK,1990,33.433
Slovakia,SVK,1991,32.469
Slovakia,SVK,1992,30.694
Slovakia,SVK,1993,31.906
Slovakia,SVK,1994,34.986
Slovakia,SVK,1995,31.769
Slovakia,SVK,1996,31.247
Slovakia,SVK,1997,30.758
Slovakia,SVK,1998,31.65
Slovakia,SVK,1999,36.436
Slovakia,SVK,2000,45.817
Slovakia,SVK,2001,47.2
Slovakia,SVK,2002,49.226
Slovakia,SVK,2003,48.668
Slovakia,SVK,2004,46.09
Slovakia,SVK,2005,47.683
Slovakia,SVK,2006,48.145
Slovakia,SVK,2007,40.731
Slovakia,SVK,2008,44.094
Slovakia,SVK,2009,36.941
Slovakia,SVK,2010,38
Slovakia,SVK,2011,39.937
Slovakia,SVK,2012,39.911
Slovakia,SVK,2013,40.247
Slovakia,SVK,2014,39.444
Slovakia,SVK,2015,38.316
Slovakia,SVK,2016,37.154
Slovakia,SVK,2017,37.703
Slovakia,SVK,2018,36.891
Slovakia,SVK,2019,38.349
Slovenia,SVN,1990,12.839
Slovenia,SVN,1991,13.756
Slovenia,SVN,1992,11.031
Slovenia,SVN,1993,10.989
Slovenia,SVN,1994,12.803
Slovenia,SVN,1995,13.275
Slovenia,SVN,1996,12.672
Slovenia,SVN,1997,13.942
Slovenia,SVN,1998,13.942
Slovenia,SVN,1999,13.044
Slovenia,SVN,2000,13.225
Slovenia,SVN,2001,14.508
Slovenia,SVN,2002,15.157
Slovenia,SVN,2003,14.186
Slovenia,SVN,2004,14.778
Slovenia,SVN,2005,15.827
Slovenia,SVN,2006,14.83
Slovenia,SVN,2007,15.127
Slovenia,SVN,2008,16.559
Slovenia,SVN,2009,15.056
Slovenia,SVN,2010,14.75
Slovenia,SVN,2011,16.106
Slovenia,SVN,2012,14.239
Slovenia,SVN,2013,13.569
Slovenia,SVN,2014,16.211
Slovenia,SVN,2015,14.288
Slovenia,SVN,2016,14.372
Slovenia,SVN,2017,15.713
Slovenia,SVN,2018,14.357
Slovenia,SVN,2019,14.415
South Africa,ZAF,1965,0
South Africa,ZAF,1966,0
South Africa,ZAF,1967,0
South Africa,ZAF,1968,0
South Africa,ZAF,1969,0
South Africa,ZAF,1970,0
South Africa,ZAF,1971,0
South Africa,ZAF,1972,0
South Africa,ZAF,1973,0
South Africa,ZAF,1974,0
South Africa,ZAF,1975,0
South Africa,ZAF,1976,0
South Africa,ZAF,1977,0
South Africa,ZAF,1978,0
South Africa,ZAF,1979,0
South Africa,ZAF,1980,0
South Africa,ZAF,1981,0
South Africa,ZAF,1982,0
South Africa,ZAF,1983,0
South Africa,ZAF,1984,10.903
South Africa,ZAF,1985,14.764
South Africa,ZAF,1986,24.453
South Africa,ZAF,1987,17.131
South Africa,ZAF,1988,29.147
South Africa,ZAF,1989,30.831
South Africa,ZAF,1990,23.469
South Africa,ZAF,1991,25.4
South Africa,ZAF,1992,25.8
South Africa,ZAF,1993,20.153
South Africa,ZAF,1994,26.936
South Africa,ZAF,1995,31.392
South Africa,ZAF,1996,32.708
South Africa,ZAF,1997,35.131
South Africa,ZAF,1998,37.781
South Africa,ZAF,1999,35.658
South Africa,ZAF,2000,36.139
South Africa,ZAF,2001,29.582
South Africa,ZAF,2002,32.879
South Africa,ZAF,2003,34.499
South Africa,ZAF,2004,36.18
South Africa,ZAF,2005,30.376
South Africa,ZAF,2006,26.799
South Africa,ZAF,2007,30.061
South Africa,ZAF,2008,34.327
South Africa,ZAF,2009,33.596
South Africa,ZAF,2010,35.27
South Africa,ZAF,2011,33.435
South Africa,ZAF,2012,33.401
South Africa,ZAF,2013,36.115
South Africa,ZAF,2014,35.105
South Africa,ZAF,2015,30.957
South Africa,ZAF,2016,40.019
South Africa,ZAF,2017,39.391
South Africa,ZAF,2018,27.564
South Africa,ZAF,2019,35.197
South Korea,KOR,1965,0
South Korea,KOR,1966,0
South Korea,KOR,1967,0
South Korea,KOR,1968,0
South Korea,KOR,1969,0
South Korea,KOR,1970,0
South Korea,KOR,1971,0
South Korea,KOR,1972,0
South Korea,KOR,1973,0
South Korea,KOR,1974,0
South Korea,KOR,1975,0
South Korea,KOR,1976,0
South Korea,KOR,1977,0.199
South Korea,KOR,1978,6.457
South Korea,KOR,1979,8.755
South Korea,KOR,1980,9.659
South Korea,KOR,1981,8.048
South Korea,KOR,1982,10.492
South Korea,KOR,1983,24.903
South Korea,KOR,1984,32.756
South Korea,KOR,1985,46.515
South Korea,KOR,1986,78.642
South Korea,KOR,1987,109.206
South Korea,KOR,1988,111.391
South Korea,KOR,1989,131.57
South Korea,KOR,1990,146.907
South Korea,KOR,1991,156.419
South Korea,KOR,1992,157.028
South Korea,KOR,1993,161.495
South Korea,KOR,1994,162.919
South Korea,KOR,1995,186.191
South Korea,KOR,1996,205.346
South Korea,KOR,1997,214.127
South Korea,KOR,1998,249.136
South Korea,KOR,1999,286.289
South Korea,KOR,2000,302.677
South Korea,KOR,2001,309.458
South Korea,KOR,2002,326.573
South Korea,KOR,2003,353.273
South Korea,KOR,2004,353.846
South Korea,KOR,2005,394.817
South Korea,KOR,2006,397.6
South Korea,KOR,2007,379.677
South Korea,KOR,2008,398.492
South Korea,KOR,2009,387.671
South Korea,KOR,2010,387.443
South Korea,KOR,2011,400.96
South Korea,KOR,2012,387.207
South Korea,KOR,2013,355.321
South Korea,KOR,2014,398.041
South Korea,KOR,2015,416.81
South Korea,KOR,2016,407.384
South Korea,KOR,2017,371.067
South Korea,KOR,2018,331.812
South Korea,KOR,2019,361.503
Spain,ESP,1965,0
Spain,ESP,1966,0
Spain,ESP,1967,0
Spain,ESP,1968,0.231
Spain,ESP,1969,2.303
Spain,ESP,1970,2.564
Spain,ESP,1971,7.008
Spain,ESP,1972,13.197
Spain,ESP,1973,18.181
Spain,ESP,1974,20.064
Spain,ESP,1975,20.956
Spain,ESP,1976,20.986
Spain,ESP,1977,18.122
Spain,ESP,1978,21.247
Spain,ESP,1979,18.611
Spain,ESP,1980,14.406
Spain,ESP,1981,26.578
Spain,ESP,1982,24.364
Spain,ESP,1983,29.614
Spain,ESP,1984,64.128
Spain,ESP,1985,77.9
Spain,ESP,1986,104.05
Spain,ESP,1987,114.642
Spain,ESP,1988,140.183
Spain,ESP,1989,155.906
Spain,ESP,1990,150.745
Spain,ESP,1991,154.383
Spain,ESP,1992,154.95
Spain,ESP,1993,155.722
Spain,ESP,1994,153.647
Spain,ESP,1995,154.042
Spain,ESP,1996,156.472
Spain,ESP,1997,153.606
Spain,ESP,1998,163.87
Spain,ESP,1999,163.478
Spain,ESP,2000,172.795
Spain,ESP,2001,175.818
Spain,ESP,2002,172.786
Spain,ESP,2003,168.57
Spain,ESP,2004,172.182
Spain,ESP,2005,154.773
Spain,ESP,2006,160.714
Spain,ESP,2007,146.367
Spain,ESP,2008,155.674
Spain,ESP,2009,138.417
Spain,ESP,2010,160.649
Spain,ESP,2011,149.608
Spain,ESP,2012,158.332
Spain,ESP,2013,145.246
Spain,ESP,2014,145.836
Spain,ESP,2015,144.968
Spain,ESP,2016,147.415
Spain,ESP,2017,145.28
Spain,ESP,2018,138.6
Spain,ESP,2019,144.708
Sri Lanka,LKA,1965,0
Sri Lanka,LKA,1966,0
Sri Lanka,LKA,1967,0
Sri Lanka,LKA,1968,0
Sri Lanka,LKA,1969,0
Sri Lanka,LKA,1970,0
Sri Lanka,LKA,1971,0
Sri Lanka,LKA,1972,0
Sri Lanka,LKA,1973,0
Sri Lanka,LKA,1974,0
Sri Lanka,LKA,1975,0
Sri Lanka,LKA,1976,0
Sri Lanka,LKA,1977,0
Sri Lanka,LKA,1978,0
Sri Lanka,LKA,1979,0
Sri Lanka,LKA,1980,0
Sri Lanka,LKA,1981,0
Sri Lanka,LKA,1982,0
Sri Lanka,LKA,1983,0
Sri Lanka,LKA,1984,0
Sri Lanka,LKA,1985,0
Sri Lanka,LKA,1986,0
Sri Lanka,LKA,1987,0
Sri Lanka,LKA,1988,0
Sri Lanka,LKA,1989,0
Sri Lanka,LKA,1990,0
Sri Lanka,LKA,1991,0
Sri Lanka,LKA,1992,0
Sri Lanka,LKA,1993,0
Sri Lanka,LKA,1994,0
Sri Lanka,LKA,1995,0
Sri Lanka,LKA,1996,0
Sri Lanka,LKA,1997,0
Sri Lanka,LKA,1998,0
Sri Lanka,LKA,1999,0
Sri Lanka,LKA,2000,0
Sri Lanka,LKA,2001,0
Sri Lanka,LKA,2002,0
Sri Lanka,LKA,2003,0
Sri Lanka,LKA,2004,0
Sri Lanka,LKA,2005,0
Sri Lanka,LKA,2006,0
Sri Lanka,LKA,2007,0
Sri Lanka,LKA,2008,0
Sri Lanka,LKA,2009,0
Sri Lanka,LKA,2010,0
Sri Lanka,LKA,2011,0
Sri Lanka,LKA,2012,0
Sri Lanka,LKA,2013,0
Sri Lanka,LKA,2014,0
Sri Lanka,LKA,2015,0
Sri Lanka,LKA,2016,0
Sri Lanka,LKA,2017,0
Sri Lanka,LKA,2018,0
Sri Lanka,LKA,2019,0
Sweden,SWE,1965,0.05
Sweden,SWE,1966,0.125
Sweden,SWE,1967,0.139
Sweden,SWE,1968,0.064
Sweden,SWE,1969,0.169
Sweden,SWE,1970,0.156
Sweden,SWE,1971,0.25
Sweden,SWE,1972,4.069
Sweden,SWE,1973,5.864
Sweden,SWE,1974,5.706
Sweden,SWE,1975,33.247
Sweden,SWE,1976,44.425
Sweden,SWE,1977,55.314
Sweden,SWE,1978,66.058
Sweden,SWE,1979,58.442
Sweden,SWE,1980,73.578
Sweden,SWE,1981,104.664
Sweden,SWE,1982,108.458
Sweden,SWE,1983,113.9
Sweden,SWE,1984,141.461
Sweden,SWE,1985,162.67
Sweden,SWE,1986,194.308
Sweden,SWE,1987,187.181
Sweden,SWE,1988,192.845
Sweden,SWE,1989,182.231
Sweden,SWE,1990,189.403
Sweden,SWE,1991,213.225
Sweden,SWE,1992,176.511
Sweden,SWE,1993,170.542
Sweden,SWE,1994,203.211
Sweden,SWE,1995,194.264
Sweden,SWE,1996,206.317
Sweden,SWE,1997,194.245
Sweden,SWE,1998,204.397
Sweden,SWE,1999,203.3
Sweden,SWE,2000,159.211
Sweden,SWE,2001,199.002
Sweden,SWE,2002,186.756
Sweden,SWE,2003,183.663
Sweden,SWE,2004,210.256
Sweden,SWE,2005,195.53
Sweden,SWE,2006,179.027
Sweden,SWE,2007,177.887
Sweden,SWE,2008,168.651
Sweden,SWE,2009,136.874
Sweden,SWE,2010,150.518
Sweden,SWE,2011,156.719
Sweden,SWE,2012,164.944
Sweden,SWE,2013,170.146
Sweden,SWE,2014,165.106
Sweden,SWE,2015,142.547
Sweden,SWE,2016,158.686
Sweden,SWE,2017,164.24
Sweden,SWE,2018,170.37
Sweden,SWE,2019,165.955
Switzerland,CHE,1965,0
Switzerland,CHE,1966,0
Switzerland,CHE,1967,0
Switzerland,CHE,1968,0
Switzerland,CHE,1969,1.486
Switzerland,CHE,1970,4.906
Switzerland,CHE,1971,3.864
Switzerland,CHE,1972,10.667
Switzerland,CHE,1973,17.528
Switzerland,CHE,1974,19.631
Switzerland,CHE,1975,21.558
Switzerland,CHE,1976,22.053
Switzerland,CHE,1977,22.539
Switzerland,CHE,1978,23.319
Switzerland,CHE,1979,32.792
Switzerland,CHE,1980,39.85
Switzerland,CHE,1981,42.583
Switzerland,CHE,1982,42.036
Switzerland,CHE,1983,43.639
Switzerland,CHE,1984,51.222
Switzerland,CHE,1985,62.225
Switzerland,CHE,1986,62.29
Switzerland,CHE,1987,63.453
Switzerland,CHE,1988,62.871
Switzerland,CHE,1989,62.991
Switzerland,CHE,1990,65.199
Switzerland,CHE,1991,63.316
Switzerland,CHE,1992,64.681
Switzerland,CHE,1993,64.412
Switzerland,CHE,1994,67.205
Switzerland,CHE,1995,68.673
Switzerland,CHE,1996,69.354
Switzerland,CHE,1997,70.091
Switzerland,CHE,1998,71.252
Switzerland,CHE,1999,68.781
Switzerland,CHE,2000,72.95
Switzerland,CHE,2001,73.476
Switzerland,CHE,2002,74.154
Switzerland,CHE,2003,74.364
Switzerland,CHE,2004,72.468
Switzerland,CHE,2005,62.348
Switzerland,CHE,2006,73.841
Switzerland,CHE,2007,73.659
Switzerland,CHE,2008,72.613
Switzerland,CHE,2009,72.129
Switzerland,CHE,2010,69.177
Switzerland,CHE,2011,69.724
Switzerland,CHE,2012,66.007
Switzerland,CHE,2013,67.027
Switzerland,CHE,2014,70.641
Switzerland,CHE,2015,58.837
Switzerland,CHE,2016,53.565
Switzerland,CHE,2017,51.313
Switzerland,CHE,2018,60.678
Switzerland,CHE,2019,57.027
Taiwan,TWN,1965,0
Taiwan,TWN,1966,0
Taiwan,TWN,1967,0
Taiwan,TWN,1968,0
Taiwan,TWN,1969,0
Taiwan,TWN,1970,0
Taiwan,TWN,1971,0
Taiwan,TWN,1972,0
Taiwan,TWN,1973,0
Taiwan,TWN,1974,0
Taiwan,TWN,1975,0
Taiwan,TWN,1976,0
Taiwan,TWN,1977,0.275
Taiwan,TWN,1978,7.417
Taiwan,TWN,1979,17.581
Taiwan,TWN,1980,22.775
Taiwan,TWN,1981,29.633
Taiwan,TWN,1982,36.345
Taiwan,TWN,1983,52.51
Taiwan,TWN,1984,68.303
Taiwan,TWN,1985,79.797
Taiwan,TWN,1986,74.836
Taiwan,TWN,1987,92.023
Taiwan,TWN,1988,85.142
Taiwan,TWN,1989,78.545
Taiwan,TWN,1990,91.294
Taiwan,TWN,1991,98.028
Taiwan,TWN,1992,94.013
Taiwan,TWN,1993,95.428
Taiwan,TWN,1994,96.863
Taiwan,TWN,1995,98.099
Taiwan,TWN,1996,104.966
Taiwan,TWN,1997,100.749
Taiwan,TWN,1998,102.29
Taiwan,TWN,1999,106.711
Taiwan,TWN,2000,106.952
Taiwan,TWN,2001,97.933
Taiwan,TWN,2002,108.452
Taiwan,TWN,2003,105.955
Taiwan,TWN,2004,106.9
Taiwan,TWN,2005,107.52
Taiwan,TWN,2006,106.572
Taiwan,TWN,2007,107.682
Taiwan,TWN,2008,107.773
Taiwan,TWN,2009,109.06
Taiwan,TWN,2010,108.541
Taiwan,TWN,2011,109.143
Taiwan,TWN,2012,104.117
Taiwan,TWN,2013,106.607
Taiwan,TWN,2014,107.876
Taiwan,TWN,2015,92.263
Taiwan,TWN,2016,79.622
Taiwan,TWN,2017,56.114
Taiwan,TWN,2018,68.801
Taiwan,TWN,2019,80.04
Thailand,THA,1965,0
Thailand,THA,1966,0
Thailand,THA,1967,0
Thailand,THA,1968,0
Thailand,THA,1969,0
Thailand,THA,1970,0
Thailand,THA,1971,0
Thailand,THA,1972,0
Thailand,THA,1973,0
Thailand,THA,1974,0
Thailand,THA,1975,0
Thailand,THA,1976,0
Thailand,THA,1977,0
Thailand,THA,1978,0
Thailand,THA,1979,0
Thailand,THA,1980,0
Thailand,THA,1981,0
Thailand,THA,1982,0
Thailand,THA,1983,0
Thailand,THA,1984,0
Thailand,THA,1985,0
Thailand,THA,1986,0
Thailand,THA,1987,0
Thailand,THA,1988,0
Thailand,THA,1989,0
Thailand,THA,1990,0
Thailand,THA,1991,0
Thailand,THA,1992,0
Thailand,THA,1993,0
Thailand,THA,1994,0
Thailand,THA,1995,0
Thailand,THA,1996,0
Thailand,THA,1997,0
Thailand,THA,1998,0
Thailand,THA,1999,0
Thailand,THA,2000,0
Thailand,THA,2001,0
Thailand,THA,2002,0
Thailand,THA,2003,0
Thailand,THA,2004,0
Thailand,THA,2005,0
Thailand,THA,2006,0
Thailand,THA,2007,0
Thailand,THA,2008,0
Thailand,THA,2009,0
Thailand,THA,2010,0
Thailand,THA,2011,0
Thailand,THA,2012,0
Thailand,THA,2013,0
Thailand,THA,2014,0
Thailand,THA,2015,0
Thailand,THA,2016,0
Thailand,THA,2017,0
Thailand,THA,2018,0
Thailand,THA,2019,0
Trinidad and Tobago,TTO,1965,0
Trinidad and Tobago,TTO,1966,0
Trinidad and Tobago,TTO,1967,0
Trinidad and Tobago,TTO,1968,0
Trinidad and Tobago,TTO,1969,0
Trinidad and Tobago,TTO,1970,0
Trinidad and Tobago,TTO,1971,0
Trinidad and Tobago,TTO,1972,0
Trinidad and Tobago,TTO,1973,0
Trinidad and Tobago,TTO,1974,0
Trinidad and Tobago,TTO,1975,0
Trinidad and Tobago,TTO,1976,0
Trinidad and Tobago,TTO,1977,0
Trinidad and Tobago,TTO,1978,0
Trinidad and Tobago,TTO,1979,0
Trinidad and Tobago,TTO,1980,0
Trinidad and Tobago,TTO,1981,0
Trinidad and Tobago,TTO,1982,0
Trinidad and Tobago,TTO,1983,0
Trinidad and Tobago,TTO,1984,0
Trinidad and Tobago,TTO,1985,0
Trinidad and Tobago,TTO,1986,0
Trinidad and Tobago,TTO,1987,0
Trinidad and Tobago,TTO,1988,0
Trinidad and Tobago,TTO,1989,0
Trinidad and Tobago,TTO,1990,0
Trinidad and Tobago,TTO,1991,0
Trinidad and Tobago,TTO,1992,0
Trinidad and Tobago,TTO,1993,0
Trinidad and Tobago,TTO,1994,0
Trinidad and Tobago,TTO,1995,0
Trinidad and Tobago,TTO,1996,0
Trinidad and Tobago,TTO,1997,0
Trinidad and Tobago,TTO,1998,0
Trinidad and Tobago,TTO,1999,0
Trinidad and Tobago,TTO,2000,0
Trinidad and Tobago,TTO,2001,0
Trinidad and Tobago,TTO,2002,0
Trinidad and Tobago,TTO,2003,0
Trinidad and Tobago,TTO,2004,0
Trinidad and Tobago,TTO,2005,0
Trinidad and Tobago,TTO,2006,0
Trinidad and Tobago,TTO,2007,0
Trinidad and Tobago,TTO,2008,0
Trinidad and Tobago,TTO,2009,0
Trinidad and Tobago,TTO,2010,0
Trinidad and Tobago,TTO,2011,0
Trinidad and Tobago,TTO,2012,0
Trinidad and Tobago,TTO,2013,0
Trinidad and Tobago,TTO,2014,0
Trinidad and Tobago,TTO,2015,0
Trinidad and Tobago,TTO,2016,0
Trinidad and Tobago,TTO,2017,0
Trinidad and Tobago,TTO,2018,0
Trinidad and Tobago,TTO,2019,0
Turkey,TUR,1965,0
Turkey,TUR,1966,0
Turkey,TUR,1967,0
Turkey,TUR,1968,0
Turkey,TUR,1969,0
Turkey,TUR,1970,0
Turkey,TUR,1971,0
Turkey,TUR,1972,0
Turkey,TUR,1973,0
Turkey,TUR,1974,0
Turkey,TUR,1975,0
Turkey,TUR,1976,0
Turkey,TUR,1977,0
Turkey,TUR,1978,0
Turkey,TUR,1979,0
Turkey,TUR,1980,0
Turkey,TUR,1981,0
Turkey,TUR,1982,0
Turkey,TUR,1983,0
Turkey,TUR,1984,0
Turkey,TUR,1985,0
Turkey,TUR,1986,0
Turkey,TUR,1987,0
Turkey,TUR,1988,0
Turkey,TUR,1989,0
Turkey,TUR,1990,0
Turkey,TUR,1991,0
Turkey,TUR,1992,0
Turkey,TUR,1993,0
Turkey,TUR,1994,0
Turkey,TUR,1995,0
Turkey,TUR,1996,0
Turkey,TUR,1997,0
Turkey,TUR,1998,0
Turkey,TUR,1999,0
Turkey,TUR,2000,0
Turkey,TUR,2001,0
Turkey,TUR,2002,0
Turkey,TUR,2003,0
Turkey,TUR,2004,0
Turkey,TUR,2005,0
Turkey,TUR,2006,0
Turkey,TUR,2007,0
Turkey,TUR,2008,0
Turkey,TUR,2009,0
Turkey,TUR,2010,0
Turkey,TUR,2011,0
Turkey,TUR,2012,0
Turkey,TUR,2013,0
Turkey,TUR,2014,0
Turkey,TUR,2015,0
Turkey,TUR,2016,0
Turkey,TUR,2017,0
Turkey,TUR,2018,0
Turkey,TUR,2019,0
Turkmenistan,TKM,1985,0
Turkmenistan,TKM,1986,0
Turkmenistan,TKM,1987,0
Turkmenistan,TKM,1988,0
Turkmenistan,TKM,1989,0
Turkmenistan,TKM,1990,0
Turkmenistan,TKM,1991,0
Turkmenistan,TKM,1992,0
Turkmenistan,TKM,1993,0
Turkmenistan,TKM,1994,0
Turkmenistan,TKM,1995,0
Turkmenistan,TKM,1996,0
Turkmenistan,TKM,1997,0
Turkmenistan,TKM,1998,0
Turkmenistan,TKM,1999,0
Turkmenistan,TKM,2000,0
Turkmenistan,TKM,2001,0
Turkmenistan,TKM,2002,0
Turkmenistan,TKM,2003,0
Turkmenistan,TKM,2004,0
Turkmenistan,TKM,2005,0
Turkmenistan,TKM,2006,0
Turkmenistan,TKM,2007,0
Turkmenistan,TKM,2008,0
Turkmenistan,TKM,2009,0
Turkmenistan,TKM,2010,0
Turkmenistan,TKM,2011,0
Turkmenistan,TKM,2012,0
Turkmenistan,TKM,2013,0
Turkmenistan,TKM,2014,0
Turkmenistan,TKM,2015,0
Turkmenistan,TKM,2016,0
Turkmenistan,TKM,2017,0
Turkmenistan,TKM,2018,0
Turkmenistan,TKM,2019,0
Ukraine,UKR,1985,148.075
Ukraine,UKR,1986,118.636
Ukraine,UKR,1987,140.071
Ukraine,UKR,1988,200.003
Ukraine,UKR,1989,184.768
Ukraine,UKR,1990,211.609
Ukraine,UKR,1991,208.697
Ukraine,UKR,1992,204.861
Ukraine,UKR,1993,209.009
Ukraine,UKR,1994,191.245
Ukraine,UKR,1995,195.897
Ukraine,UKR,1996,221.047
Ukraine,UKR,1997,220.647
Ukraine,UKR,1998,208.997
Ukraine,UKR,1999,200.181
Ukraine,UKR,2000,214.836
Ukraine,UKR,2001,210.207
Ukraine,UKR,2002,213.844
Ukraine,UKR,2003,221.779
Ukraine,UKR,2004,235.569
Ukraine,UKR,2005,238.743
Ukraine,UKR,2006,241.168
Ukraine,UKR,2007,245.815
Ukraine,UKR,2008,237.158
Ukraine,UKR,2009,217.548
Ukraine,UKR,2010,232.452
Ukraine,UKR,2011,233.874
Ukraine,UKR,2012,232.172
Ukraine,UKR,2013,213.035
Ukraine,UKR,2014,224.943
Ukraine,UKR,2015,221.677
Ukraine,UKR,2016,203.573
Ukraine,UKR,2017,213.941
Ukraine,UKR,2018,209.762
Ukraine,UKR,2019,205.532
United Arab Emirates,ARE,1965,0
United Arab Emirates,ARE,1966,0
United Arab Emirates,ARE,1967,0
United Arab Emirates,ARE,1968,0
United Arab Emirates,ARE,1969,0
United Arab Emirates,ARE,1970,0
United Arab Emirates,ARE,1971,0
United Arab Emirates,ARE,1972,0
United Arab Emirates,ARE,1973,0
United Arab Emirates,ARE,1974,0
United Arab Emirates,ARE,1975,0
United Arab Emirates,ARE,1976,0
United Arab Emirates,ARE,1977,0
United Arab Emirates,ARE,1978,0
United Arab Emirates,ARE,1979,0
United Arab Emirates,ARE,1980,0
United Arab Emirates,ARE,1981,0
United Arab Emirates,ARE,1982,0
United Arab Emirates,ARE,1983,0
United Arab Emirates,ARE,1984,0
United Arab Emirates,ARE,1985,0
United Arab Emirates,ARE,1986,0
United Arab Emirates,ARE,1987,0
United Arab Emirates,ARE,1988,0
United Arab Emirates,ARE,1989,0
United Arab Emirates,ARE,1990,0
United Arab Emirates,ARE,1991,0
United Arab Emirates,ARE,1992,0
United Arab Emirates,ARE,1993,0
United Arab Emirates,ARE,1994,0
United Arab Emirates,ARE,1995,0
United Arab Emirates,ARE,1996,0
United Arab Emirates,ARE,1997,0
United Arab Emirates,ARE,1998,0
United Arab Emirates,ARE,1999,0
United Arab Emirates,ARE,2000,0
United Arab Emirates,ARE,2001,0
United Arab Emirates,ARE,2002,0
United Arab Emirates,ARE,2003,0
United Arab Emirates,ARE,2004,0
United Arab Emirates,ARE,2005,0
United Arab Emirates,ARE,2006,0
United Arab Emirates,ARE,2007,0
United Arab Emirates,ARE,2008,0
United Arab Emirates,ARE,2009,0
United Arab Emirates,ARE,2010,0
United Arab Emirates,ARE,2011,0
United Arab Emirates,ARE,2012,0
United Arab Emirates,ARE,2013,0
United Arab Emirates,ARE,2014,0
United Arab Emirates,ARE,2015,0
United Arab Emirates,ARE,2016,0
United Arab Emirates,ARE,2017,0
United Arab Emirates,ARE,2018,0
United Arab Emirates,ARE,2019,0
United Kingdom,GBR,1965,42.042
United Kingdom,GBR,1966,56.158
United Kingdom,GBR,1967,64.658
United Kingdom,GBR,1968,72.75
United Kingdom,GBR,1969,80.903
United Kingdom,GBR,1970,72.256
United Kingdom,GBR,1971,76.522
United Kingdom,GBR,1972,81.606
United Kingdom,GBR,1973,77.77
United Kingdom,GBR,1974,93.381
United Kingdom,GBR,1975,84.272
United Kingdom,GBR,1976,100.431
United Kingdom,GBR,1977,111.17
United Kingdom,GBR,1978,103.4
United Kingdom,GBR,1979,106.411
United Kingdom,GBR,1980,102.842
United Kingdom,GBR,1981,105.47
United Kingdom,GBR,1982,122.145
United Kingdom,GBR,1983,138.689
United Kingdom,GBR,1984,149.942
United Kingdom,GBR,1985,169.708
United Kingdom,GBR,1986,164.108
United Kingdom,GBR,1987,153.439
United Kingdom,GBR,1988,176.267
United Kingdom,GBR,1989,199.261
United Kingdom,GBR,1990,182.636
United Kingdom,GBR,1991,195.953
United Kingdom,GBR,1992,213.353
United Kingdom,GBR,1993,248.203
United Kingdom,GBR,1994,245.228
United Kingdom,GBR,1995,247.122
United Kingdom,GBR,1996,262.975
United Kingdom,GBR,1997,272.628
United Kingdom,GBR,1998,276.35
United Kingdom,GBR,1999,264.258
United Kingdom,GBR,2000,236.286
United Kingdom,GBR,2001,248.633
United Kingdom,GBR,2002,240.875
United Kingdom,GBR,2003,241.613
United Kingdom,GBR,2004,216.558
United Kingdom,GBR,2005,219.543
United Kingdom,GBR,2006,201.676
United Kingdom,GBR,2007,167.419
United Kingdom,GBR,2008,138.55
United Kingdom,GBR,2009,181.275
United Kingdom,GBR,2010,162.021
United Kingdom,GBR,2011,178.76
United Kingdom,GBR,2012,181.347
United Kingdom,GBR,2013,180.771
United Kingdom,GBR,2014,162.233
United Kingdom,GBR,2015,177.956
United Kingdom,GBR,2016,180.376
United Kingdom,GBR,2017,175.841
United Kingdom,GBR,2018,161.709
United Kingdom,GBR,2019,139.124
United States,USA,1965,10.692
United States,USA,1966,16.14
United States,USA,1967,22.384
United States,USA,1968,36.633
United States,USA,1969,40.725
United States,USA,1970,63.756
United States,USA,1971,111.417
United States,USA,1972,158.161
United States,USA,1973,244.092
United States,USA,1974,333.263
United States,USA,1975,504.401
United States,USA,1976,558.783
United States,USA,1977,733.577
United States,USA,1978,808.197
United States,USA,1979,746.067
United States,USA,1980,734.257
United States,USA,1981,797.292
United States,USA,1982,826.823
United States,USA,1983,858.706
United States,USA,1984,957.994
United States,USA,1985,1121.904
United States,USA,1986,1210.639
United States,USA,1987,1331.201
United States,USA,1988,1540.858
United States,USA,1989,1547.822
United States,USA,1990,1686.731
United States,USA,1991,1791.127
United States,USA,1992,1809.289
United States,USA,1993,1784.479
United States,USA,1994,1872.633
United States,USA,1995,1969.014
United States,USA,1996,1972.892
United States,USA,1997,1838.142
United States,USA,1998,1969.891
United States,USA,1999,2129.4
United States,USA,2000,2204.367
United States,USA,2001,2233.434
United States,USA,2002,2251.46
United States,USA,2003,2190.193
United States,USA,2004,2246.898
United States,USA,2005,2214.154
United States,USA,2006,2214.95
United States,USA,2007,2254.808
United States,USA,2008,2240.202
United States,USA,2009,2206.065
United States,USA,2010,2214.8
United States,USA,2011,2155.566
United States,USA,2012,2085.908
United States,USA,2013,2126.394
United States,USA,2014,2135.492
United States,USA,2015,2122.812
United States,USA,2016,2132.795
United States,USA,2017,2118.29
United States,USA,2018,2111.488
United States,USA,2019,2109.762
Uzbekistan,UZB,1985,0
Uzbekistan,UZB,1986,0
Uzbekistan,UZB,1987,0
Uzbekistan,UZB,1988,0
Uzbekistan,UZB,1989,0
Uzbekistan,UZB,1990,0
Uzbekistan,UZB,1991,0
Uzbekistan,UZB,1992,0
Uzbekistan,UZB,1993,0
Uzbekistan,UZB,1994,0
Uzbekistan,UZB,1995,0
Uzbekistan,UZB,1996,0
Uzbekistan,UZB,1997,0
Uzbekistan,UZB,1998,0
Uzbekistan,UZB,1999,0
Uzbekistan,UZB,2000,0
Uzbekistan,UZB,2001,0
Uzbekistan,UZB,2002,0
Uzbekistan,UZB,2003,0
Uzbekistan,UZB,2004,0
Uzbekistan,UZB,2005,0
Uzbekistan,UZB,2006,0
Uzbekistan,UZB,2007,0
Uzbekistan,UZB,2008,0
Uzbekistan,UZB,2009,0
Uzbekistan,UZB,2010,0
Uzbekistan,UZB,2011,0
Uzbekistan,UZB,2012,0
Uzbekistan,UZB,2013,0
Uzbekistan,UZB,2014,0
Uzbekistan,UZB,2015,0
Uzbekistan,UZB,2016,0
Uzbekistan,UZB,2017,0
Uzbekistan,UZB,2018,0
Uzbekistan,UZB,2019,0
Venezuela,VEN,1965,0
Venezuela,VEN,1966,0
Venezuela,VEN,1967,0
Venezuela,VEN,1968,0
Venezuela,VEN,1969,0
Venezuela,VEN,1970,0
Venezuela,VEN,1971,0
Venezuela,VEN,1972,0
Venezuela,VEN,1973,0
Venezuela,VEN,1974,0
Venezuela,VEN,1975,0
Venezuela,VEN,1976,0
Venezuela,VEN,1977,0
Venezuela,VEN,1978,0
Venezuela,VEN,1979,0
Venezuela,VEN,1980,0
Venezuela,VEN,1981,0
Venezuela,VEN,1982,0
Venezuela,VEN,1983,0
Venezuela,VEN,1984,0
Venezuela,VEN,1985,0
Venezuela,VEN,1986,0
Venezuela,VEN,1987,0
Venezuela,VEN,1988,0
Venezuela,VEN,1989,0
Venezuela,VEN,1990,0
Venezuela,VEN,1991,0
Venezuela,VEN,1992,0
Venezuela,VEN,1993,0
Venezuela,VEN,1994,0
Venezuela,VEN,1995,0
Venezuela,VEN,1996,0
Venezuela,VEN,1997,0
Venezuela,VEN,1998,0
Venezuela,VEN,1999,0
Venezuela,VEN,2000,0
Venezuela,VEN,2001,0
Venezuela,VEN,2002,0
Venezuela,VEN,2003,0
Venezuela,VEN,2004,0
Venezuela,VEN,2005,0
Venezuela,VEN,2006,0
Venezuela,VEN,2007,0
Venezuela,VEN,2008,0
Venezuela,VEN,2009,0
Venezuela,VEN,2010,0
Venezuela,VEN,2011,0
Venezuela,VEN,2012,0
Venezuela,VEN,2013,0
Venezuela,VEN,2014,0
Venezuela,VEN,2015,0
Venezuela,VEN,2016,0
Venezuela,VEN,2017,0
Venezuela,VEN,2018,0
Venezuela,VEN,2019,0
Vietnam,VNM,1965,0
Vietnam,VNM,1966,0
Vietnam,VNM,1967,0
Vietnam,VNM,1968,0
Vietnam,VNM,1969,0
Vietnam,VNM,1970,0
Vietnam,VNM,1971,0
Vietnam,VNM,1972,0
Vietnam,VNM,1973,0
Vietnam,VNM,1974,0
Vietnam,VNM,1975,0
Vietnam,VNM,1976,0
Vietnam,VNM,1977,0
Vietnam,VNM,1978,0
Vietnam,VNM,1979,0
Vietnam,VNM,1980,0
Vietnam,VNM,1981,0
Vietnam,VNM,1982,0
Vietnam,VNM,1983,0
Vietnam,VNM,1984,0
Vietnam,VNM,1985,0
Vietnam,VNM,1986,0
Vietnam,VNM,1987,0
Vietnam,VNM,1988,0
Vietnam,VNM,1989,0
Vietnam,VNM,1990,0
Vietnam,VNM,1991,0
Vietnam,VNM,1992,0
Vietnam,VNM,1993,0
Vietnam,VNM,1994,0
Vietnam,VNM,1995,0
Vietnam,VNM,1996,0
Vietnam,VNM,1997,0
Vietnam,VNM,1998,0
Vietnam,VNM,1999,0
Vietnam,VNM,2000,0
Vietnam,VNM,2001,0
Vietnam,VNM,2002,0
Vietnam,VNM,2003,0
Vietnam,VNM,2004,0
Vietnam,VNM,2005,0
Vietnam,VNM,2006,0
Vietnam,VNM,2007,0
Vietnam,VNM,2008,0
Vietnam,VNM,2009,0
Vietnam,VNM,2010,0
Vietnam,VNM,2011,0
Vietnam,VNM,2012,0
Vietnam,VNM,2013,0
Vietnam,VNM,2014,0
Vietnam,VNM,2015,0
Vietnam,VNM,2016,0
Vietnam,VNM,2017,0
Vietnam,VNM,2018,0
Vietnam,VNM,2019,0
World,OWID_WRL,1965,70.944
World,OWID_WRL,1966,95.648
World,OWID_WRL,1967,113.906
World,OWID_WRL,1968,144.759
World,OWID_WRL,1969,171.621
World,OWID_WRL,1970,219.096
World,OWID_WRL,1971,304.734
World,OWID_WRL,1972,422.709
World,OWID_WRL,1973,566.394
World,OWID_WRL,1974,740.556
World,OWID_WRL,1975,1027.357
World,OWID_WRL,1976,1201.866
World,OWID_WRL,1977,1495.967
World,OWID_WRL,1978,1738.319
World,OWID_WRL,1979,1807.946
World,OWID_WRL,1980,1977.569
World,OWID_WRL,1981,2335.421
World,OWID_WRL,1982,2533.829
World,OWID_WRL,1983,2871.704
World,OWID_WRL,1984,3484.915
World,OWID_WRL,1985,4135.897
World,OWID_WRL,1986,4429.825
World,OWID_WRL,1987,4818.707
World,OWID_WRL,1988,5253.474
World,OWID_WRL,1989,5402.812
World,OWID_WRL,1990,5556.843
World,OWID_WRL,1991,5822.712
World,OWID_WRL,1992,5866.919
World,OWID_WRL,1993,6068.966
World,OWID_WRL,1994,6182.906
World,OWID_WRL,1995,6451.105
World,OWID_WRL,1996,6685.564
World,OWID_WRL,1997,6639.662
World,OWID_WRL,1998,6753.84
World,OWID_WRL,1999,7012.121
World,OWID_WRL,2000,7169.17
World,OWID_WRL,2001,7323.716
World,OWID_WRL,2002,7392.732
World,OWID_WRL,2003,7196.586
World,OWID_WRL,2004,7475.689
World,OWID_WRL,2005,7447.91
World,OWID_WRL,2006,7493.281
World,OWID_WRL,2007,7294.706
World,OWID_WRL,2008,7226.874
World,OWID_WRL,2009,7080.672
World,OWID_WRL,2010,7218.503
World,OWID_WRL,2011,6874.33
World,OWID_WRL,2012,6364.201
World,OWID_WRL,2013,6383.714
World,OWID_WRL,2014,6466.974
World,OWID_WRL,2015,6516.074
World,OWID_WRL,2016,6575.951
World,OWID_WRL,2017,6596.391
World,OWID_WRL,2018,6711.461
World,OWID_WRL,2019,6923.412